Symbol,Company,GICS Sector,GICS Sub-Industry,Headquarters Location,SEC filings,CIK,Peers
AAP,"Advance Auto Parts, Inc.",Consumer Discretionary,Automotive Retail,"Raleigh, North Carolina",view,1158449,"['ABG', 'GPI', 'MNRO', 'SAH']"
AAT,American Assets Trust,Real Estate,Diversified REITs,"San Diego, California",view,1500217,"['AHH', 'ALEX', 'GNL', 'LXP']"
ABCB,Ameris Bancorp,Financials,Regional Banks,"Atlanta, Georgia",view,351569,"['BANC', 'BANF', 'BANR', 'BKU', 'BOH', 'CASH', 'CATY', 'CBU', 'CFFN', 'CHCO', 'CPF', 'CUBI', 'CVBF', 'DCOM', 'EGBN', 'FBK', 'FBNC', 'FBP', 'FCF', 'FFBC', 'FHB', 'FULT', 'HAFC', 'HOPE', 'HTH', 'INDB', 'LKFN', 'NBHC', 'NBTB', 'NWBI', 'OFG', 'PFBC', 'PFS', 'PRK', 'RNST', 'SBCF', 'SBSI', 'SFBS', 'SFNC', 'STBA', 'TBBK', 'TMP', 'TRMK', 'TRST', 'VBTX', 'WABC', 'WAFD', 'WSFS']"
ABG,Asbury Automotive Group,Consumer Discretionary,Automotive Retail,"Duluth, Georgia",view,1144980,"['AAP', 'GPI', 'MNRO', 'SAH']"
ABM,"ABM Industries, Inc.",Industrials,Environmental & Facilities Services,"New York City, New York",view,771497,"['GEO', 'HCSG']"
ABR,Arbor Realty Trust,Financials,Mortgage REITs,"Uniondale, New York",view,1253986,"['BXMT', 'KREF', 'TWO']"
ACAD,Acadia Pharmaceuticals,Health Care,Pharmaceuticals,"San Diego, California",view,1070494,"['ALKS', 'AMPH', 'ANIP', 'COLL', 'CORT', 'INVA', 'PAHC', 'PBH', 'PCRX', 'SUPN']"
ACHC,Acadia Healthcare,Health Care,Health Care Facilities,"Franklin, Tennessee",view,1520697,"['NHC', 'SEM', 'USPH']"
ACIW,ACI Worldwide,Information Technology,Application Software,"Miami, Florida",view,935036,"['AGYS', 'BL', 'BOX', 'CALX', 'QTWO', 'SPSC']"
ACLS,"Axcelis Technologies, Inc.",Information Technology,Semiconductor Materials & Equipment,"Beverly, Massachusetts",view,1113232,"['AEIS', 'COHU', 'ENPH', 'FORM', 'ICHR', 'KLIC', 'PDFS', 'PLAB', 'SEDG', 'UCTT', 'VECO']"
ADMA,"ADMA Biologics, Inc.",Health Care,Biotechnology,"Ramsey, New Jersey",view,1368514,"['ARWR', 'CPRX', 'DVAX', 'KRYS', 'LGND', 'MYGN', 'PTGX', 'SRPT', 'TGTX', 'VCEL', 'XNCR']"
ADNT,Adient,Consumer Discretionary,Automotive Parts & Equipment,"Plymouth, Michigan",view,1670541,"['AXL', 'BWA', 'DAN', 'DORM', 'FOXF', 'LCII', 'PATK', 'SMP', 'THRM']"
ADUS,Addus HomeCare Corp.,Health Care,Health Care Services,"Frisco, Texas",view,1468328,"['AMN', 'CRVL', 'MD', 'NEO', 'PINC', 'RDNT', 'VCYT']"
AEIS,Advanced Energy,Information Technology,Semiconductor Materials & Equipment,"Denver, Colorado",view,927003,"['ACLS', 'COHU', 'ENPH', 'FORM', 'ICHR', 'KLIC', 'PDFS', 'PLAB', 'SEDG', 'UCTT', 'VECO']"
AEO,American Eagle Outfitters,Consumer Discretionary,Apparel Retail,"Pittsburgh, Pennsylvania",view,919012,"['BKE', 'BOOT', 'CAL', 'GES', 'SCVL', 'URBN']"
AGO,Assured Guaranty Ltd.,Financials,Property & Casualty Insurance,"Hamilton, Bermuda",view,1273813,"['AMSF', 'EIG', 'HCI', 'MCY', 'PRA', 'RDN', 'SAFT', 'STC', 'UFCS']"
AGYS,"Agilysys, Inc.",Information Technology,Application Software,"Alpharetta, Georgia",view,78749,"['ACIW', 'BL', 'BOX', 'CALX', 'QTWO', 'SPSC']"
AHH,"Armada Hoffler Properties, Inc.",Real Estate,Diversified REITs,"Virginia Beach, Virginia",view,1569187,"['AAT', 'ALEX', 'GNL', 'LXP']"
AIN,Albany International Corp.,Industrials,Industrial Machinery & Supplies & Components,"Rochester, New Hampshire",view,819793,"['ESE', 'FELE', 'HI', 'KAI', 'KMT', 'MWA', 'NPO', 'PRLB', 'SPXC', 'SXI', 'TNC']"
AIR,AAR CORP.,Industrials,Aerospace & Defense,"Wood Dale, Illinois",view,1750,['NPK']
AKR,Acadia Realty Trust,Real Estate,Retail REITs,"Rye, New York",view,899629,"['BFS', 'GTY', 'MAC', 'SKT', 'UE', 'WSR']"
AL,Air Lease Corporation,Industrials,Passenger Airlines,"Los Angeles, California",view,1487712,"['ALGT', 'JBLU', 'SKYW']"
ALEX,Alexander & Baldwin,Real Estate,Diversified REITs,"Honolulu, Hawaii",view,1545654,"['AAT', 'AHH', 'GNL', 'LXP']"
ALG,Alamo Group,Industrials,Construction Machinery & Heavy Transportation Equipment,"Seguin, Texas",view,897077,"['ASTE', 'FSS', 'GBX', 'RUSHA', 'TRN']"
ALGT,Allegiant Travel Company,Industrials,Passenger Airlines,"Summerlin, Nevada",view,1362468,"['AL', 'JBLU', 'SKYW']"
ALKS,Alkermes plc,Health Care,Pharmaceuticals,"Dublin, Ireland",view,1520262,"['ACAD', 'AMPH', 'ANIP', 'COLL', 'CORT', 'INVA', 'PAHC', 'PBH', 'PCRX', 'SUPN']"
ALRM,"Alarm.Com, Inc.",Financials,Application Software,"Tysons, Virginia",view,1459200,[]
AMN,"Amn Healthcare Services, Inc.",Health Care,Health Care Services,"Dallas, Texas",view,1142750,"['ADUS', 'CRVL', 'MD', 'NEO', 'PINC', 'RDNT', 'VCYT']"
AMPH,"Amphstar Pharmaceuticals, Inc.",Health Care,Pharmaceuticals,"Rancho Cucamonga, California",view,1297184,"['ACAD', 'ALKS', 'ANIP', 'COLL', 'CORT', 'INVA', 'PAHC', 'PBH', 'PCRX', 'SUPN']"
AMSF,"Amerisafe, Inc.",Financials,Property & Casualty Insurance,"DeRidder, Louisiana",view,1018979,"['AGO', 'EIG', 'HCI', 'MCY', 'PRA', 'RDN', 'SAFT', 'STC', 'UFCS']"
AMWD,American Woodmark Corp.,Industrials,Building Products,"Winchester, Virginia",view,794619,"['APOG', 'AWI', 'BCC', 'GFF', 'IIIN', 'NX', 'ROCK', 'RUN', 'WOR']"
ANDE,"The Andersons, Inc.",Consumer Staples,Food Distributors,"Maumee, Ohio",view,821026,['CHEF']
ANGI,Angi Inc.,Communication Services,Advertising,"Denver, Colorado",view,1705110,[]
ANIP,"ANI Pharmaceuticals, Inc.",Health Care,Pharmaceuticals,"Baudette, Minnesota",view,1023024,"['ACAD', 'ALKS', 'AMPH', 'COLL', 'CORT', 'INVA', 'PAHC', 'PBH', 'PCRX', 'SUPN']"
AOSL,"Alpha and Omega Semiconductor, Ltd.",Information Technology,Semiconductors,"Sunnyvale, California",view,1387467,"['CEVA', 'DIOD', 'MXL', 'QRVO', 'SMTC']"
APAM,"Artisan Partners Asset Management, Inc.",Financials,Asset Management & Custody Banks,"Milwaukee, Wisconsin",view,1517302,"['CNS', 'VRTS']"
APLE,"Apple Hospitality REIT, Inc.",Real Estate,Hotel & Resort REITs,"Richmond, Virginia",view,1418121,"['DRH', 'INN', 'PEB', 'RHP', 'SHO', 'XHR']"
APOG,"Apogee Enterprises, Inc.",Industrials,Building Products,"Minneapolis, Minnesota",view,6845,"['AMWD', 'AWI', 'BCC', 'GFF', 'IIIN', 'NX', 'ROCK', 'RUN', 'WOR']"
ARCB,ArcBest Corp.,Industrials,Cargo Ground Transportation,"Fort Smith, Arkansas",view,894405,"['HTLD', 'MRTN', 'SNDR', 'WERN']"
ARI,Apollo Commercial Real Estate Finance,Real Estate,Mortgage REITs,"New York City, New York",view,1467760,"['ARR', 'PMT', 'RWT']"
AROC,"Archrock, Inc.",Energy,Oil & Gas Equipment & Services,"Houston, Texas",view,1389050,"['CLB', 'HLX', 'OII', 'RES', 'TDW']"
ARR,Armour Residential REIT,Real Estate,Mortgage REITs,"Vero Beach, Florida",view,1428205,"['ARI', 'PMT', 'RWT']"
ARWR,Arrowhead Pharmaceuticals,Health Care,Biotechnology,"Pasadena, California",view,879407,"['ADMA', 'CPRX', 'DVAX', 'KRYS', 'LGND', 'MYGN', 'PTGX', 'SRPT', 'TGTX', 'VCEL', 'XNCR']"
ASIX,"Advansix, Inc.",Materials,Commodity Chemicals,"Parsippanyâ€“Troy Hills, New Jersey",view,1673985,"['HWKN', 'KOP']"
ASTE,"Astec Industries, Inc.",Industrials,Construction Machinery & Heavy Transportation Equipment,"Chattanooga, Tennessee",view,792987,"['ALG', 'FSS', 'GBX', 'RUSHA', 'TRN']"
ATEN,"A10 Networks, Inc.",Information Technology,Systems Software,"San Jose, California",view,1580808,['PRGS']
ATGE,Adtalem Global Education,Consumer Discretionary,Education Services,"Chicago, Illinois",view,730464,"['LRN', 'STRA']"
AVA,Avista Corporation,Utilities,Multi-Utilities,"Spokane, Washington",view,104918,['MDU']
AWI,"Armstrong World Industries, Inc.",Industrials,Building Products,"Lancaster, Pennsylvania",view,7431,"['AMWD', 'APOG', 'BCC', 'GFF', 'IIIN', 'NX', 'ROCK', 'RUN', 'WOR']"
AWR,American States Water Company,Utilities,Water Utilities,"San Dimas, California",view,1056903,"['CWT', 'MSEX']"
AXL,"American Axle & Manufacturing, Inc.",Consumer Discretionary,Automotive Parts & Equipment,"Detroit, Michigan",view,1062231,"['ADNT', 'BWA', 'DAN', 'DORM', 'FOXF', 'LCII', 'PATK', 'SMP', 'THRM']"
AZZ,"AZZ, Inc.",Industrials,Heavy Electrical Equipment,"Fort Worth, Texas",view,8947,[]
BANC,"Banc Of California, Inc.",Financials,Regional Banks,"Santa Ana, California",view,1169770,"['ABCB', 'BANF', 'BANR', 'BKU', 'BOH', 'CASH', 'CATY', 'CBU', 'CFFN', 'CHCO', 'CPF', 'CUBI', 'CVBF', 'DCOM', 'EGBN', 'FBK', 'FBNC', 'FBP', 'FCF', 'FFBC', 'FHB', 'FULT', 'HAFC', 'HOPE', 'HTH', 'INDB', 'LKFN', 'NBHC', 'NBTB', 'NWBI', 'OFG', 'PFBC', 'PFS', 'PRK', 'RNST', 'SBCF', 'SBSI', 'SFBS', 'SFNC', 'STBA', 'TBBK', 'TMP', 'TRMK', 'TRST', 'VBTX', 'WABC', 'WAFD', 'WSFS']"
BANF,Bancfirst Corp,Financials,Regional Banks,"Oklahoma City, Oklahoma",view,760498,"['ABCB', 'BANC', 'BANR', 'BKU', 'BOH', 'CASH', 'CATY', 'CBU', 'CFFN', 'CHCO', 'CPF', 'CUBI', 'CVBF', 'DCOM', 'EGBN', 'FBK', 'FBNC', 'FBP', 'FCF', 'FFBC', 'FHB', 'FULT', 'HAFC', 'HOPE', 'HTH', 'INDB', 'LKFN', 'NBHC', 'NBTB', 'NWBI', 'OFG', 'PFBC', 'PFS', 'PRK', 'RNST', 'SBCF', 'SBSI', 'SFBS', 'SFNC', 'STBA', 'TBBK', 'TMP', 'TRMK', 'TRST', 'VBTX', 'WABC', 'WAFD', 'WSFS']"
BANR,Banner Corporation,Financials,Regional Banks,"Walla Walla, Washington",view,946673,"['ABCB', 'BANC', 'BANF', 'BKU', 'BOH', 'CASH', 'CATY', 'CBU', 'CFFN', 'CHCO', 'CPF', 'CUBI', 'CVBF', 'DCOM', 'EGBN', 'FBK', 'FBNC', 'FBP', 'FCF', 'FFBC', 'FHB', 'FULT', 'HAFC', 'HOPE', 'HTH', 'INDB', 'LKFN', 'NBHC', 'NBTB', 'NWBI', 'OFG', 'PFBC', 'PFS', 'PRK', 'RNST', 'SBCF', 'SBSI', 'SFBS', 'SFNC', 'STBA', 'TBBK', 'TMP', 'TRMK', 'TRST', 'VBTX', 'WABC', 'WAFD', 'WSFS']"
BCC,Boise Cascade,Industrials,Building Products,"Boise, Idaho",view,1328581,"['AMWD', 'APOG', 'AWI', 'GFF', 'IIIN', 'NX', 'ROCK', 'RUN', 'WOR']"
BCPC,Balchem Corporation,Materials,Specialty Chemicals,"Montvale, New Jersey",view,9326,"['CE', 'FUL', 'IOSP', 'KWR', 'MTX', 'NGVT', 'SCL', 'SXT']"
BDN,Brandywine Realty Trust,Real Estate,Office REITs,"Philadelphia, Pennsylvania",view,790816,"['DEA', 'DEI', 'HIW', 'JBGS', 'SLG']"
BFS,"Saul Centers, Inc.",Real Estate,Retail REITs,"Bethesda, Maryland",view,907254,"['AKR', 'GTY', 'MAC', 'SKT', 'UE', 'WSR']"
BHE,"Benchmark Electronics, Inc.",Information Technology,Electronic Manufacturing Services,"Tempe, Arizona",view,863436,"['CTS', 'PLXS', 'SANM', 'TTMI']"
BJRI,"BJ's Restaurants, Inc.",Consumer Discretionary,Restaurants,"Huntington Beach, California",view,1013488,"['BLMN', 'CAKE', 'CBRL', 'EAT', 'PLAY', 'PZZA', 'SHAK', 'WEN']"
BKE,"The Buckle, Inc.",Consumer Discretionary,Apparel Retail,"Kearney, Nebraska",view,885245,"['AEO', 'BOOT', 'CAL', 'GES', 'SCVL', 'URBN']"
BKU,"BankUnited, Inc.",Financials,Regional Banks,"Miami Lakes, Florida",view,1504008,"['ABCB', 'BANC', 'BANF', 'BANR', 'BOH', 'CASH', 'CATY', 'CBU', 'CFFN', 'CHCO', 'CPF', 'CUBI', 'CVBF', 'DCOM', 'EGBN', 'FBK', 'FBNC', 'FBP', 'FCF', 'FFBC', 'FHB', 'FULT', 'HAFC', 'HOPE', 'HTH', 'INDB', 'LKFN', 'NBHC', 'NBTB', 'NWBI', 'OFG', 'PFBC', 'PFS', 'PRK', 'RNST', 'SBCF', 'SBSI', 'SFBS', 'SFNC', 'STBA', 'TBBK', 'TMP', 'TRMK', 'TRST', 'VBTX', 'WABC', 'WAFD', 'WSFS']"
BL,"BlackLine Systems, Inc.",Information Technology,Application Software,"Woodland Hills, Los Angeles, California",view,1666134,"['ACIW', 'AGYS', 'BOX', 'CALX', 'QTWO', 'SPSC']"
BLFS,"BioLife Solutions, Inc.",Health Care,Health Care Supplies,"Bothell, Washington",view,834365,"['ICUI', 'MMSI', 'NEOG', 'QDEL']"
BLMN,"Bloomin' Brands, Inc.",Consumer Discretionary,Restaurants,"Tampa, Florida",view,1546417,"['BJRI', 'CAKE', 'CBRL', 'EAT', 'PLAY', 'PZZA', 'SHAK', 'WEN']"
BMI,"Badger Meter, Inc.",Information Technology,Electronic Equipment & Instruments,"Milwaukee, Wisconsin",view,9092,"['ITRI', 'OSIS', 'PI']"
BOH,Bank of Hawaii,Financials,Regional Banks,"Honolulu, Hawaii",view,46195,"['ABCB', 'BANC', 'BANF', 'BANR', 'BKU', 'CASH', 'CATY', 'CBU', 'CFFN', 'CHCO', 'CPF', 'CUBI', 'CVBF', 'DCOM', 'EGBN', 'FBK', 'FBNC', 'FBP', 'FCF', 'FFBC', 'FHB', 'FULT', 'HAFC', 'HOPE', 'HTH', 'INDB', 'LKFN', 'NBHC', 'NBTB', 'NWBI', 'OFG', 'PFBC', 'PFS', 'PRK', 'RNST', 'SBCF', 'SBSI', 'SFBS', 'SFNC', 'STBA', 'TBBK', 'TMP', 'TRMK', 'TRST', 'VBTX', 'WABC', 'WAFD', 'WSFS']"
BOOT,"Boot Barn Holdings, Inc.",Consumer Discretionary,Apparel Retail,"Irvine, California",view,1610250,"['AEO', 'BKE', 'CAL', 'GES', 'SCVL', 'URBN']"
BOX,"Box, Inc.",Information Technology,Application Software,"Redwood City, California",view,1372612,"['ACIW', 'AGYS', 'BL', 'CALX', 'QTWO', 'SPSC']"
BRC,Brady Corporation,Industrials,Commercial Printing,"Milwaukee, Wisconsin",view,746598,['DLX']
BTU,"Peabody Energy, Inc.",Energy,Coal & Consumable Fuels,"St. Louis, Missouri",view,1064728,[]
BWA,BorgWarner,Consumer Discretionary,Automotive Parts & Equipment,"Auburn Hills, Michigan",view,908255,"['ADNT', 'AXL', 'DAN', 'DORM', 'FOXF', 'LCII', 'PATK', 'SMP', 'THRM']"
BXMT,"Blackstone Mortgage Trust, Inc.",Financials,Mortgage REITs,"New York City, New York",view,1061630,"['ABR', 'KREF', 'TWO']"
CABO,Cable One,Communication Services,Cable & Satellite,"Phoenix, Arizona",view,1632127,[]
CAKE,"The Cheesecake Factory, Inc.",Consumer Discretionary,Restaurants,"Calabasas, California",view,887596,"['BJRI', 'BLMN', 'CBRL', 'EAT', 'PLAY', 'PZZA', 'SHAK', 'WEN']"
CAL,"Caleres, Inc.",Consumer Discretionary,Apparel Retail,"Clayton, Missouri",view,14707,"['AEO', 'BKE', 'BOOT', 'GES', 'SCVL', 'URBN']"
CALM,"Cal-Maine Foods, Inc.",Consumer Staples,Packaged Foods & Meats,"Jackson, Mississippi",view,16160,"['FDP', 'FRPT', 'JBSS', 'JJSF', 'SMPL', 'THS', 'TR', 'USNA']"
CALX,Calix,Information Technology,Application Software,"San Jose, California",view,1406666,"['ACIW', 'AGYS', 'BL', 'BOX', 'QTWO', 'SPSC']"
CARG,CarGurus,Communication Services,Interactive Media & Services,"Cambridge, Massachusetts",view,1494259,"['CARS', 'QNST', 'SSTK', 'YELP']"
CARS,Cars.com,Communication Services,Interactive Media & Services,"Chicago, Illinois",view,1683606,"['CARG', 'QNST', 'SSTK', 'YELP']"
CASH,"Pathward Financial, Inc.",Financials,Regional Banks,"Sioux Falls, South Dakota",view,907471,"['ABCB', 'BANC', 'BANF', 'BANR', 'BKU', 'BOH', 'CATY', 'CBU', 'CFFN', 'CHCO', 'CPF', 'CUBI', 'CVBF', 'DCOM', 'EGBN', 'FBK', 'FBNC', 'FBP', 'FCF', 'FFBC', 'FHB', 'FULT', 'HAFC', 'HOPE', 'HTH', 'INDB', 'LKFN', 'NBHC', 'NBTB', 'NWBI', 'OFG', 'PFBC', 'PFS', 'PRK', 'RNST', 'SBCF', 'SBSI', 'SFBS', 'SFNC', 'STBA', 'TBBK', 'TMP', 'TRMK', 'TRST', 'VBTX', 'WABC', 'WAFD', 'WSFS']"
CATY,Cathay General Bancorp,Financials,Regional Banks,"Los Angeles, California",view,861842,"['ABCB', 'BANC', 'BANF', 'BANR', 'BKU', 'BOH', 'CASH', 'CBU', 'CFFN', 'CHCO', 'CPF', 'CUBI', 'CVBF', 'DCOM', 'EGBN', 'FBK', 'FBNC', 'FBP', 'FCF', 'FFBC', 'FHB', 'FULT', 'HAFC', 'HOPE', 'HTH', 'INDB', 'LKFN', 'NBHC', 'NBTB', 'NWBI', 'OFG', 'PFBC', 'PFS', 'PRK', 'RNST', 'SBCF', 'SBSI', 'SFBS', 'SFNC', 'STBA', 'TBBK', 'TMP', 'TRMK', 'TRST', 'VBTX', 'WABC', 'WAFD', 'WSFS']"
CBRL,Cracker Barrel,Consumer Discretionary,Restaurants,"Lebanon, Tennessee",view,1067294,"['BJRI', 'BLMN', 'CAKE', 'EAT', 'PLAY', 'PZZA', 'SHAK', 'WEN']"
CBU,"Community Bank System, Inc.",Financials,Regional Banks,"DeWitt, New York",view,723188,"['ABCB', 'BANC', 'BANF', 'BANR', 'BKU', 'BOH', 'CASH', 'CATY', 'CFFN', 'CHCO', 'CPF', 'CUBI', 'CVBF', 'DCOM', 'EGBN', 'FBK', 'FBNC', 'FBP', 'FCF', 'FFBC', 'FHB', 'FULT', 'HAFC', 'HOPE', 'HTH', 'INDB', 'LKFN', 'NBHC', 'NBTB', 'NWBI', 'OFG', 'PFBC', 'PFS', 'PRK', 'RNST', 'SBCF', 'SBSI', 'SFBS', 'SFNC', 'STBA', 'TBBK', 'TMP', 'TRMK', 'TRST', 'VBTX', 'WABC', 'WAFD', 'WSFS']"
CC,Chemours,Materials,Diversified Chemicals,"Wilmington, Delaware",view,1627223,[]
CCOI,"Cogent Communications Holdings, Inc.",Communication Services,Alternative Carriers,"Washington, D.C.",view,1158324,['UNIT']
CCS,"Century Communities, Inc.",Consumer Discretionary,Homebuilding,"Greenwood Village, Colorado",view,1576940,"['CVCO', 'GRBK', 'IBP', 'LGIH', 'MHO', 'MTH', 'SKY', 'TPH']"
CE,Celanese,Materials,Specialty Chemicals,"Irving, Texas",view,1306830,"['BCPC', 'FUL', 'IOSP', 'KWR', 'MTX', 'NGVT', 'SCL', 'SXT']"
CENT,Central Garden & Pet Company,Consumer Staples,Household Products,"Walnut Creek, California",view,887733,"['CENTA', 'ENR', 'EPC', 'IPAR', 'WDFC']"
CENTA,Central Garden & Pet Company (Class A),Consumer Staples,Household Products,"Walnut Creek, California",view,887733,"['CENT', 'ENR', 'EPC', 'IPAR', 'WDFC']"
CENX,Century Aluminum Company,Materials,Aluminum,"Chicago, Illinois",view,949157,['KALU']
CEVA,"CEVA, Inc.",Information Technology,Semiconductors,"Rockville, Maryland",view,1173489,"['AOSL', 'DIOD', 'MXL', 'QRVO', 'SMTC']"
CFFN,Capitol Federal Savings Bank,Financials,Regional Banks,"Topeka, Kansas",view,1490906,"['ABCB', 'BANC', 'BANF', 'BANR', 'BKU', 'BOH', 'CASH', 'CATY', 'CBU', 'CHCO', 'CPF', 'CUBI', 'CVBF', 'DCOM', 'EGBN', 'FBK', 'FBNC', 'FBP', 'FCF', 'FFBC', 'FHB', 'FULT', 'HAFC', 'HOPE', 'HTH', 'INDB', 'LKFN', 'NBHC', 'NBTB', 'NWBI', 'OFG', 'PFBC', 'PFS', 'PRK', 'RNST', 'SBCF', 'SBSI', 'SFBS', 'SFNC', 'STBA', 'TBBK', 'TMP', 'TRMK', 'TRST', 'VBTX', 'WABC', 'WAFD', 'WSFS']"
CHCO,City Holding Company,Financials,Regional Banks,"Charleston, West Virginia",view,726854,"['ABCB', 'BANC', 'BANF', 'BANR', 'BKU', 'BOH', 'CASH', 'CATY', 'CBU', 'CFFN', 'CPF', 'CUBI', 'CVBF', 'DCOM', 'EGBN', 'FBK', 'FBNC', 'FBP', 'FCF', 'FFBC', 'FHB', 'FULT', 'HAFC', 'HOPE', 'HTH', 'INDB', 'LKFN', 'NBHC', 'NBTB', 'NWBI', 'OFG', 'PFBC', 'PFS', 'PRK', 'RNST', 'SBCF', 'SBSI', 'SFBS', 'SFNC', 'STBA', 'TBBK', 'TMP', 'TRMK', 'TRST', 'VBTX', 'WABC', 'WAFD', 'WSFS']"
CHEF,"Chefs' Warehouse, Inc.",Consumer Staples,Food Distributors,"Ridgefield, Connecticut",view,1517175,['ANDE']
CLB,Core Laboratories,Energy,Oil & Gas Equipment & Services,"Amsterdam, the Netherlands",view,1958086,"['AROC', 'HLX', 'OII', 'RES', 'TDW']"
CNK,"Cinemark Holdings, Inc.",Communication Services,Movies & Entertainment,"Plano, Texas",view,1385280,[]
CNMD,CONMED Corporation,Health Care,Health Care Equipment,"Largo, Florida",view,816956,"['GKOS', 'IART', 'ITGR', 'LMAT', 'STAA', 'TFX', 'TNDM', 'UFPT']"
CNS,"Cohen & Steers, Inc.",Financials,Asset Management & Custody Banks,"New York City, New York",view,1284812,"['APAM', 'VRTS']"
CNXN,"PC Connection, Inc.",Information Technology,Technology Distributors,"Merrimack, New Hampshire",view,1050377,"['PLUS', 'SCSC']"
COHU,"Cohu, Inc.",Information Technology,Semiconductor Materials & Equipment,"Poway, California",view,21535,"['ACLS', 'AEIS', 'ENPH', 'FORM', 'ICHR', 'KLIC', 'PDFS', 'PLAB', 'SEDG', 'UCTT', 'VECO']"
COLL,"Collegium Pharmaceutical, Inc.",Health Care,Pharmaceuticals,"Stoughton, Massachusetts",view,1267565,"['ACAD', 'ALKS', 'AMPH', 'ANIP', 'CORT', 'INVA', 'PAHC', 'PBH', 'PCRX', 'SUPN']"
CORT,Corcept Therapeutics Incorporated,Health Care,Pharmaceuticals,"Menlo Park, California",view,1088856,"['ACAD', 'ALKS', 'AMPH', 'ANIP', 'COLL', 'INVA', 'PAHC', 'PBH', 'PCRX', 'SUPN']"
CPF,Central Pacific Financial Corp.,Financials,Regional Banks,"Honolulu, Hawaii",view,701347,"['ABCB', 'BANC', 'BANF', 'BANR', 'BKU', 'BOH', 'CASH', 'CATY', 'CBU', 'CFFN', 'CHCO', 'CUBI', 'CVBF', 'DCOM', 'EGBN', 'FBK', 'FBNC', 'FBP', 'FCF', 'FFBC', 'FHB', 'FULT', 'HAFC', 'HOPE', 'HTH', 'INDB', 'LKFN', 'NBHC', 'NBTB', 'NWBI', 'OFG', 'PFBC', 'PFS', 'PRK', 'RNST', 'SBCF', 'SBSI', 'SFBS', 'SFNC', 'STBA', 'TBBK', 'TMP', 'TRMK', 'TRST', 'VBTX', 'WABC', 'WAFD', 'WSFS']"
CPK,Chesapeake Utilities Corp.,Utilities,Gas Utilities,"Dover, Delaware",view,19745,['NWN']
CPRX,"Catalyst Pharmaceuticals Partners, Inc.",Health Care,Biotechnology,"Coral Gables, Florida",view,1369568,"['ADMA', 'ARWR', 'DVAX', 'KRYS', 'LGND', 'MYGN', 'PTGX', 'SRPT', 'TGTX', 'VCEL', 'XNCR']"
CRI,"Carter's, Inc.",Consumer Discretionary,"Apparel, Accessories & Luxury Goods","Atlanta, Georgia",view,1060822,"['GIII', 'HBI', 'OXM']"
CRK,"Comstock Resources, Inc.",Energy,Oil & Gas Exploration & Production,"Frisco, Texas",view,23194,"['NOG', 'SM']"
CRVL,CorVel Corporation,Health Care,Health Care Services,"Irvine, California",view,874866,"['ADUS', 'AMN', 'MD', 'NEO', 'PINC', 'RDNT', 'VCYT']"
CSGS,"CSG Systems International, Inc.",Industrials,Data Processing & Outsourced Services,"Greenwood Village, Colorado",view,1005757,[]
CTRE,"CareTrust REIT, Inc.",Real Estate,Health Care REITs,"San Clemente, California",view,1590717,"['LTC', 'MPW', 'UHT']"
CTS,CTS Corporation,Information Technology,Electronic Manufacturing Services,"Lisle, Illinois",view,26058,"['BHE', 'PLXS', 'SANM', 'TTMI']"
CUBI,"Customers Bancorp, Inc.",Financials,Regional Banks,"Reading, Pennsylvania",view,1488813,"['ABCB', 'BANC', 'BANF', 'BANR', 'BKU', 'BOH', 'CASH', 'CATY', 'CBU', 'CFFN', 'CHCO', 'CPF', 'CVBF', 'DCOM', 'EGBN', 'FBK', 'FBNC', 'FBP', 'FCF', 'FFBC', 'FHB', 'FULT', 'HAFC', 'HOPE', 'HTH', 'INDB', 'LKFN', 'NBHC', 'NBTB', 'NWBI', 'OFG', 'PFBC', 'PFS', 'PRK', 'RNST', 'SBCF', 'SBSI', 'SFBS', 'SFNC', 'STBA', 'TBBK', 'TMP', 'TRMK', 'TRST', 'VBTX', 'WABC', 'WAFD', 'WSFS']"
CVBF,CVB Financial Corp.,Financials,Regional Banks,"Ontario, California",view,354647,"['ABCB', 'BANC', 'BANF', 'BANR', 'BKU', 'BOH', 'CASH', 'CATY', 'CBU', 'CFFN', 'CHCO', 'CPF', 'CUBI', 'DCOM', 'EGBN', 'FBK', 'FBNC', 'FBP', 'FCF', 'FFBC', 'FHB', 'FULT', 'HAFC', 'HOPE', 'HTH', 'INDB', 'LKFN', 'NBHC', 'NBTB', 'NWBI', 'OFG', 'PFBC', 'PFS', 'PRK', 'RNST', 'SBCF', 'SBSI', 'SFBS', 'SFNC', 'STBA', 'TBBK', 'TMP', 'TRMK', 'TRST', 'VBTX', 'WABC', 'WAFD', 'WSFS']"
CVCO,"Cavco Industries, Inc.",Consumer Discretionary,Homebuilding,"Phoenix, Arizona",view,278166,"['CCS', 'GRBK', 'IBP', 'LGIH', 'MHO', 'MTH', 'SKY', 'TPH']"
CVI,"CVR Energy, Inc.",Energy,Oil & Gas Refining & Marketing,"Sugar Land, Texas",view,1376139,"['PARR', 'REX']"
CWT,California Water Service Group,Utilities,Water Utilities,"San Jose, California",view,1035201,"['AWR', 'MSEX']"
CXW,CoreCivic,Industrials,Diversified Support Services,"Brentwood, Tennessee",view,1070985,"['KAR', 'LQDT', 'UNF']"
CZR,Caesars Entertainment,Consumer Discretionary,Casinos & Gaming,"Reno, Nevada",view,1590895,"['GDEN', 'MCRI', 'PENN']"
DAN,Dana Incorporated,Consumer Discretionary,Automotive Parts & Equipment,"Maumee, Ohio",view,26780,"['ADNT', 'AXL', 'BWA', 'DORM', 'FOXF', 'LCII', 'PATK', 'SMP', 'THRM']"
DCOM,"Dime Community Bancshares, Inc.",Financials,Regional Banks,"Hauppauge, New York",view,846617,"['ABCB', 'BANC', 'BANF', 'BANR', 'BKU', 'BOH', 'CASH', 'CATY', 'CBU', 'CFFN', 'CHCO', 'CPF', 'CUBI', 'CVBF', 'EGBN', 'FBK', 'FBNC', 'FBP', 'FCF', 'FFBC', 'FHB', 'FULT', 'HAFC', 'HOPE', 'HTH', 'INDB', 'LKFN', 'NBHC', 'NBTB', 'NWBI', 'OFG', 'PFBC', 'PFS', 'PRK', 'RNST', 'SBCF', 'SBSI', 'SFBS', 'SFNC', 'STBA', 'TBBK', 'TMP', 'TRMK', 'TRST', 'VBTX', 'WABC', 'WAFD', 'WSFS']"
DEA,"Easterly Government Properties, Inc.",Real Estate,Office REITs,"Washington, D.C.",view,1622194,"['BDN', 'DEI', 'HIW', 'JBGS', 'SLG']"
DEI,Douglas Emmett,Real Estate,Office REITs,"Santa Monica, California",view,1364250,"['BDN', 'DEA', 'HIW', 'JBGS', 'SLG']"
DFIN,"Donnelley Financial Solutions, Inc.",Financials,Financial Exchanges & Data,"Chicago, Illinois",view,1669811,"['MKTX', 'VIRT']"
DGII,Digi International Inc.,Information Technology,Communications Equipment,"Hopkins, Minnesota",view,854775,"['EXTR', 'HLIT', 'IDCC', 'NTCT', 'VIAV', 'VSAT']"
DIOD,Diodes Incorporated,Information Technology,Semiconductors,"Plano, Texas",view,29002,"['AOSL', 'CEVA', 'MXL', 'QRVO', 'SMTC']"
DLX,Deluxe Corporation,Industrials,Commercial Printing,"Minneapolis, Minnesota",view,27996,['BRC']
DNOW,NOW Inc,Industrials,Trading Companies & Distributors,"Houston, Texas",view,1599617,['DXPE']
DORM,"Dorman Products, Inc.",Consumer Discretionary,Automotive Parts & Equipment,"Colmar, Pennsylvania",view,868780,"['ADNT', 'AXL', 'BWA', 'DAN', 'FOXF', 'LCII', 'PATK', 'SMP', 'THRM']"
DRH,DiamondRock Hospitality Company,Real Estate,Hotel & Resort REITs,"Bethesda, Maryland",view,1298946,"['APLE', 'INN', 'PEB', 'RHP', 'SHO', 'XHR']"
DVAX,Dynavax Technologies Corp.,Health Care,Biotechnology,"Emeryville, California",view,1029142,"['ADMA', 'ARWR', 'CPRX', 'KRYS', 'LGND', 'MYGN', 'PTGX', 'SRPT', 'TGTX', 'VCEL', 'XNCR']"
DXC,DXC Technology,Information Technology,IT Consulting & Other Services,"Ashburn, Virginia",view,1688568,['TDC']
DXPE,"DXP Enterprises, Inc.",Industrials,Trading Companies & Distributors,"Houston, Texas",view,1020710,['DNOW']
DY,"Dycom Industries, Inc.",Industrials,Construction & Engineering,"Palm Beach Gardens, Florida",view,67215,"['GVA', 'MYRG', 'STRL']"
EAT,"Brinker International, Inc.",Consumer Discretionary,Restaurants,"Dallas, Texas",view,703351,"['BJRI', 'BLMN', 'CAKE', 'CBRL', 'PLAY', 'PZZA', 'SHAK', 'WEN']"
ECPG,"Encore Capital Group, Inc.",Financials,Consumer Finance,"San Diego, California",view,1084961,"['ENVA', 'EZPW', 'NAVI', 'PRAA', 'WRLD']"
EFC,"Ellington Financial, Inc.",Financials,Specialized Finance,"Greenwich, Connecticut",view,1411342,['HASI']
EGBN,Eagle Bancorp Inc,Financials,Regional Banks,"Bethesda, Maryland",view,1050441,"['ABCB', 'BANC', 'BANF', 'BANR', 'BKU', 'BOH', 'CASH', 'CATY', 'CBU', 'CFFN', 'CHCO', 'CPF', 'CUBI', 'CVBF', 'DCOM', 'FBK', 'FBNC', 'FBP', 'FCF', 'FFBC', 'FHB', 'FULT', 'HAFC', 'HOPE', 'HTH', 'INDB', 'LKFN', 'NBHC', 'NBTB', 'NWBI', 'OFG', 'PFBC', 'PFS', 'PRK', 'RNST', 'SBCF', 'SBSI', 'SFBS', 'SFNC', 'STBA', 'TBBK', 'TMP', 'TRMK', 'TRST', 'VBTX', 'WABC', 'WAFD', 'WSFS']"
EIG,"Employers Holdings, Inc.",Financials,Property & Casualty Insurance,"Henderson, Nevada",view,1379041,"['AGO', 'AMSF', 'HCI', 'MCY', 'PRA', 'RDN', 'SAFT', 'STC', 'UFCS']"
ENPH,Enphase Energy,Information Technology,Semiconductor Materials & Equipment,"Fremont, California",view,1463101,"['ACLS', 'AEIS', 'COHU', 'FORM', 'ICHR', 'KLIC', 'PDFS', 'PLAB', 'SEDG', 'UCTT', 'VECO']"
ENR,Energizer,Consumer Staples,Household Products,"St. Louis, Missouri",view,1632790,"['CENT', 'CENTA', 'EPC', 'IPAR', 'WDFC']"
ENVA,"Enova International, Inc.",Financials,Consumer Finance,"Chicago, Illinois",view,1529864,"['ECPG', 'EZPW', 'NAVI', 'PRAA', 'WRLD']"
EPC,Edgewell Personal Care,Consumer Staples,Household Products,"Shelton, Connecticut",view,1096752,"['CENT', 'CENTA', 'ENR', 'IPAR', 'WDFC']"
ESE,ESCO Technologies Inc.,Industrials,Industrial Machinery & Supplies & Components,"St. Louis, Missouri",view,866706,"['AIN', 'FELE', 'HI', 'KAI', 'KMT', 'MWA', 'NPO', 'PRLB', 'SPXC', 'SXI', 'TNC']"
ETSY,Etsy,Consumer Discretionary,Broadline Retail,"New York City, New York",view,1370637,['KSS']
EVTC,"EVERTEC, Inc.",Financials,Transaction & Payment Processing Services,"San Juan, Puerto Rico",view,1559865,[]
EXPI,"eXp World Holdings, Inc.",Real Estate,Real Estate Services,"Bellingham, Washington",view,1495932,"['KW', 'MMI']"
EXTR,"Extreme Networks, Inc.",Information Technology,Communications Equipment,"Morrisville, North Carolina",view,1078271,"['DGII', 'HLIT', 'IDCC', 'NTCT', 'VIAV', 'VSAT']"
EYE,National Vision Holdings,Consumer Discretionary,Specialty Stores,"Duluth, Georgia",view,1710155,"['HZO', 'SBH', 'SIG']"
EZPW,"EZCORP, Inc.",Financials,Consumer Finance,"Austin, Texas",view,876523,"['ECPG', 'ENVA', 'NAVI', 'PRAA', 'WRLD']"
FBK,FB Financial Corp.,Financials,Regional Banks,"Nashville, Tennessee",view,1649749,"['ABCB', 'BANC', 'BANF', 'BANR', 'BKU', 'BOH', 'CASH', 'CATY', 'CBU', 'CFFN', 'CHCO', 'CPF', 'CUBI', 'CVBF', 'DCOM', 'EGBN', 'FBNC', 'FBP', 'FCF', 'FFBC', 'FHB', 'FULT', 'HAFC', 'HOPE', 'HTH', 'INDB', 'LKFN', 'NBHC', 'NBTB', 'NWBI', 'OFG', 'PFBC', 'PFS', 'PRK', 'RNST', 'SBCF', 'SBSI', 'SFBS', 'SFNC', 'STBA', 'TBBK', 'TMP', 'TRMK', 'TRST', 'VBTX', 'WABC', 'WAFD', 'WSFS']"
FBNC,First Bancorp (Southern Pines NC),Financials,Regional Banks,"Southern Pines, North Carolina",view,811589,"['ABCB', 'BANC', 'BANF', 'BANR', 'BKU', 'BOH', 'CASH', 'CATY', 'CBU', 'CFFN', 'CHCO', 'CPF', 'CUBI', 'CVBF', 'DCOM', 'EGBN', 'FBK', 'FBP', 'FCF', 'FFBC', 'FHB', 'FULT', 'HAFC', 'HOPE', 'HTH', 'INDB', 'LKFN', 'NBHC', 'NBTB', 'NWBI', 'OFG', 'PFBC', 'PFS', 'PRK', 'RNST', 'SBCF', 'SBSI', 'SFBS', 'SFNC', 'STBA', 'TBBK', 'TMP', 'TRMK', 'TRST', 'VBTX', 'WABC', 'WAFD', 'WSFS']"
FBP,First BanCorp (Puerto Rico),Financials,Regional Banks,"San Juan, Puerto Rico",view,1057706,"['ABCB', 'BANC', 'BANF', 'BANR', 'BKU', 'BOH', 'CASH', 'CATY', 'CBU', 'CFFN', 'CHCO', 'CPF', 'CUBI', 'CVBF', 'DCOM', 'EGBN', 'FBK', 'FBNC', 'FCF', 'FFBC', 'FHB', 'FULT', 'HAFC', 'HOPE', 'HTH', 'INDB', 'LKFN', 'NBHC', 'NBTB', 'NWBI', 'OFG', 'PFBC', 'PFS', 'PRK', 'RNST', 'SBCF', 'SBSI', 'SFBS', 'SFNC', 'STBA', 'TBBK', 'TMP', 'TRMK', 'TRST', 'VBTX', 'WABC', 'WAFD', 'WSFS']"
FCF,"First Commonwealth Financial, Corp.",Financials,Regional Banks,"Indiana, Pennsylvania",view,712537,"['ABCB', 'BANC', 'BANF', 'BANR', 'BKU', 'BOH', 'CASH', 'CATY', 'CBU', 'CFFN', 'CHCO', 'CPF', 'CUBI', 'CVBF', 'DCOM', 'EGBN', 'FBK', 'FBNC', 'FBP', 'FFBC', 'FHB', 'FULT', 'HAFC', 'HOPE', 'HTH', 'INDB', 'LKFN', 'NBHC', 'NBTB', 'NWBI', 'OFG', 'PFBC', 'PFS', 'PRK', 'RNST', 'SBCF', 'SBSI', 'SFBS', 'SFNC', 'STBA', 'TBBK', 'TMP', 'TRMK', 'TRST', 'VBTX', 'WABC', 'WAFD', 'WSFS']"
FCPT,"Four Corners Property Trust, Inc.",Real Estate,Other Specialized REITs,"Mill Valley, California",view,1650132,"['OUT', 'SAFE']"
FDP,"Fresh Del Monte Produce, Inc.",Consumer Staples,Packaged Foods & Meats,"Coral Gables, Florida",view,1047340,"['CALM', 'FRPT', 'JBSS', 'JJSF', 'SMPL', 'THS', 'TR', 'USNA']"
FELE,Franklin Electric,Industrials,Industrial Machinery & Supplies & Components,"Fort Wayne, Indiana",view,38725,"['AIN', 'ESE', 'HI', 'KAI', 'KMT', 'MWA', 'NPO', 'PRLB', 'SPXC', 'SXI', 'TNC']"
FFBC,First Financial Bancorp.,Financials,Regional Banks,"Cincinnati, Ohio",view,708955,"['ABCB', 'BANC', 'BANF', 'BANR', 'BKU', 'BOH', 'CASH', 'CATY', 'CBU', 'CFFN', 'CHCO', 'CPF', 'CUBI', 'CVBF', 'DCOM', 'EGBN', 'FBK', 'FBNC', 'FBP', 'FCF', 'FHB', 'FULT', 'HAFC', 'HOPE', 'HTH', 'INDB', 'LKFN', 'NBHC', 'NBTB', 'NWBI', 'OFG', 'PFBC', 'PFS', 'PRK', 'RNST', 'SBCF', 'SBSI', 'SFBS', 'SFNC', 'STBA', 'TBBK', 'TMP', 'TRMK', 'TRST', 'VBTX', 'WABC', 'WAFD', 'WSFS']"
FHB,"First Hawaiian, Inc.",Financials,Regional Banks,"Honolulu, Hawaii",view,36377,"['ABCB', 'BANC', 'BANF', 'BANR', 'BKU', 'BOH', 'CASH', 'CATY', 'CBU', 'CFFN', 'CHCO', 'CPF', 'CUBI', 'CVBF', 'DCOM', 'EGBN', 'FBK', 'FBNC', 'FBP', 'FCF', 'FFBC', 'FULT', 'HAFC', 'HOPE', 'HTH', 'INDB', 'LKFN', 'NBHC', 'NBTB', 'NWBI', 'OFG', 'PFBC', 'PFS', 'PRK', 'RNST', 'SBCF', 'SBSI', 'SFBS', 'SFNC', 'STBA', 'TBBK', 'TMP', 'TRMK', 'TRST', 'VBTX', 'WABC', 'WAFD', 'WSFS']"
FIZZ,National Beverage Corp.,Consumer Staples,Soft Drinks & Non-alcoholic Beverages,"Fort Lauderdale, Florida",view,69891,[]
FMC,FMC Corporation,Materials,Fertilizers & Agricultural Chemicals,"Philadelphia, Pennsylvania",view,37785,[]
FORM,"FormFactor, Inc.",Information Technology,Semiconductor Materials & Equipment,"Livermore, California",view,1039399,"['ACLS', 'AEIS', 'COHU', 'ENPH', 'ICHR', 'KLIC', 'PDFS', 'PLAB', 'SEDG', 'UCTT', 'VECO']"
FOXF,Fox Factory,Consumer Discretionary,Automotive Parts & Equipment,"Duluth, Georgia",view,1424929,"['ADNT', 'AXL', 'BWA', 'DAN', 'DORM', 'LCII', 'PATK', 'SMP', 'THRM']"
FRPT,Freshpet,Consumer Staples,Packaged Foods & Meats,"Bedminster, New Jersey",view,1611647,"['CALM', 'FDP', 'JBSS', 'JJSF', 'SMPL', 'THS', 'TR', 'USNA']"
FSS,Federal Signal Corporation,Industrials,Construction Machinery & Heavy Transportation Equipment,"Oak Brook, Illinois",view,277509,"['ALG', 'ASTE', 'GBX', 'RUSHA', 'TRN']"
FUL,H.B. Fuller Company,Materials,Specialty Chemicals,"Vadnais Heights, Minnesota",view,39368,"['BCPC', 'CE', 'IOSP', 'KWR', 'MTX', 'NGVT', 'SCL', 'SXT']"
FULT,Fulton Financial Corporation,Financials,Regional Banks,"Lancaster, Pennsylvania",view,700564,"['ABCB', 'BANC', 'BANF', 'BANR', 'BKU', 'BOH', 'CASH', 'CATY', 'CBU', 'CFFN', 'CHCO', 'CPF', 'CUBI', 'CVBF', 'DCOM', 'EGBN', 'FBK', 'FBNC', 'FBP', 'FCF', 'FFBC', 'FHB', 'HAFC', 'HOPE', 'HTH', 'INDB', 'LKFN', 'NBHC', 'NBTB', 'NWBI', 'OFG', 'PFBC', 'PFS', 'PRK', 'RNST', 'SBCF', 'SBSI', 'SFBS', 'SFNC', 'STBA', 'TBBK', 'TMP', 'TRMK', 'TRST', 'VBTX', 'WABC', 'WAFD', 'WSFS']"
FUN,Six Flags,Consumer Discretionary,Leisure Facilities,"Charlotte, North Carolina",view,1999001,[]
FWRD,Forward Air Corp.,Industrials,Air Freight & Logistics,"Greeneville, Tennessee",view,912728,['HUBG']
GBX,"The Greenbrier Companies, Inc.",Industrials,Construction Machinery & Heavy Transportation Equipment,"Lake Oswego, Oregon",view,923120,"['ALG', 'ASTE', 'FSS', 'RUSHA', 'TRN']"
GDEN,Golden Entertainment,Consumer Discretionary,Casinos & Gaming,"Enterprise, Nevada",view,1071255,"['CZR', 'MCRI', 'PENN']"
GEO,"GEO Group, Inc.",Industrials,Environmental & Facilities Services,"Boca Raton, Florida",view,923796,"['ABM', 'HCSG']"
GES,"Guess, Inc.",Consumer Discretionary,Apparel Retail,"Los Angeles, California",view,912463,"['AEO', 'BKE', 'BOOT', 'CAL', 'SCVL', 'URBN']"
GFF,Griffon Corporation,Industrials,Building Products,"New York City, New York",view,50725,"['AMWD', 'APOG', 'AWI', 'BCC', 'IIIN', 'NX', 'ROCK', 'RUN', 'WOR']"
GIII,"G-III Apparel Group, Ltd.",Consumer Discretionary,"Apparel, Accessories & Luxury Goods","New York City, New York",view,821002,"['CRI', 'HBI', 'OXM']"
GKOS,Glaukos Corp.,Health Care,Health Care Equipment,"San Clemente, California",view,1192448,"['CNMD', 'IART', 'ITGR', 'LMAT', 'STAA', 'TFX', 'TNDM', 'UFPT']"
GNL,"Global Net Lease, Inc.",Real Estate,Diversified REITs,"New York City, New York",view,1526113,"['AAT', 'AHH', 'ALEX', 'LXP']"
GNW,"Genworth Financial, Inc.",Financials,Multi-line Insurance,"Henrico County, Virginia",view,1276520,"['HMN', 'LNC']"
GOGO,"Gogo, Inc.",Communication Services,Wireless Telecommunication Services,"Broomfield, Colorado",view,1537054,['SHEN']
GOLF,Acushnet Company,Consumer Discretionary,Leisure Products,"Fairhaven, Massachusetts",view,1672013,['RGR']
GPI,"Group 1 Automotive, Inc.",Consumer Discretionary,Automotive Retail,"Houston, Texas",view,1031203,"['AAP', 'ABG', 'MNRO', 'SAH']"
GRBK,"Green Brick Partners, Inc.",Consumer Discretionary,Homebuilding,"Plano, Texas",view,1373670,"['CCS', 'CVCO', 'IBP', 'LGIH', 'MHO', 'MTH', 'SKY', 'TPH']"
GTY,Getty Realty Corp.,Real Estate,Retail REITs,"New York City, New York",view,1052752,"['AKR', 'BFS', 'MAC', 'SKT', 'UE', 'WSR']"
GVA,"Granite Construction, Inc.",Industrials,Construction & Engineering,"Watsonville, California",view,861459,"['DY', 'MYRG', 'STRL']"
HAFC,Hanmi Financial Corporation,Financials,Regional Banks,"Los Angeles, California",view,1109242,"['ABCB', 'BANC', 'BANF', 'BANR', 'BKU', 'BOH', 'CASH', 'CATY', 'CBU', 'CFFN', 'CHCO', 'CPF', 'CUBI', 'CVBF', 'DCOM', 'EGBN', 'FBK', 'FBNC', 'FBP', 'FCF', 'FFBC', 'FHB', 'FULT', 'HOPE', 'HTH', 'INDB', 'LKFN', 'NBHC', 'NBTB', 'NWBI', 'OFG', 'PFBC', 'PFS', 'PRK', 'RNST', 'SBCF', 'SBSI', 'SFBS', 'SFNC', 'STBA', 'TBBK', 'TMP', 'TRMK', 'TRST', 'VBTX', 'WABC', 'WAFD', 'WSFS']"
HASI,"Hannon Armstrong Sustainable Infrastructure Capital, Inc.",Financials,Specialized Finance,"Annapolis, Maryland",view,1561894,['EFC']
HBI,"Hanesbrands, Inc.",Consumer Discretionary,"Apparel, Accessories & Luxury Goods","Winston-Salem, North Carolina",view,1359841,"['CRI', 'GIII', 'OXM']"
HCC,"Warrior Met Coal, Inc.",Materials,Steel,"Brookwood, Alabama",view,1691303,['SXC']
HCI,"HCI Group, Inc.",Financials,Property & Casualty Insurance,"Tampa, Florida",view,1400810,"['AGO', 'AMSF', 'EIG', 'MCY', 'PRA', 'RDN', 'SAFT', 'STC', 'UFCS']"
HCSG,"Healthcare Services Group, Inc.",Industrials,Environmental & Facilities Services,"Bensalem Township, Pennsylvania",view,731012,"['ABM', 'GEO']"
HELE,Helen of Troy Limited,Consumer Discretionary,Household Appliances,"Hamilton, Bermuda",view,916789,[]
HFWA,Heritage Financial Corporation,Health Care,Regional Banks,"Olympia, Washington",view,1046025,[]
HI,"Hillenbrand, Inc.",Industrials,Industrial Machinery & Supplies & Components,"Batesville, Indiana",view,1417398,"['AIN', 'ESE', 'FELE', 'KAI', 'KMT', 'MWA', 'NPO', 'PRLB', 'SPXC', 'SXI', 'TNC']"
HIW,Highwoods Properties],Real Estate,Office REITs,"Raleigh, North Carolina",view,921082,"['BDN', 'DEA', 'DEI', 'JBGS', 'SLG']"
HL,Hecla Mining,Materials,Silver,"Coeur d'Alene, Idaho",view,719413,[]
HLIT,Harmonic Inc.,Information Technology,Communications Equipment,"San Jose, California",view,851310,"['DGII', 'EXTR', 'IDCC', 'NTCT', 'VIAV', 'VSAT']"
HLX,"Helix Energy Solutions Group, Inc.",Energy,Oil & Gas Equipment & Services,"Houston, Texas",view,866829,"['AROC', 'CLB', 'OII', 'RES', 'TDW']"
HMN,Horace Mann Educators Corporation,Financials,Multi-line Insurance,"Springfield, Illinois",view,850141,"['GNW', 'LNC']"
HNI,HNI Corporation,Industrials,Office Services & Supplies,"Muscatine, Iowa",view,48287,"['PBI', 'TILE', 'WSC']"
HOPE,"Hope Bancorp, Inc.",Financials,Regional Banks,"Koreatown, Los Angeles",view,1128361,"['ABCB', 'BANC', 'BANF', 'BANR', 'BKU', 'BOH', 'CASH', 'CATY', 'CBU', 'CFFN', 'CHCO', 'CPF', 'CUBI', 'CVBF', 'DCOM', 'EGBN', 'FBK', 'FBNC', 'FBP', 'FCF', 'FFBC', 'FHB', 'FULT', 'HAFC', 'HTH', 'INDB', 'LKFN', 'NBHC', 'NBTB', 'NWBI', 'OFG', 'PFBC', 'PFS', 'PRK', 'RNST', 'SBCF', 'SBSI', 'SFBS', 'SFNC', 'STBA', 'TBBK', 'TMP', 'TRMK', 'TRST', 'VBTX', 'WABC', 'WAFD', 'WSFS']"
HP,"Helmerich & Payne, Inc.",Energy,Oil & Gas Drilling,"Tulsa, Oklahoma",view,46765,['PTEN']
HSII,"Heidrick & Struggles International, Inc.",Industrials,Human Resource & Employment Services,"Chicago, Illinois",view,1066605,"['KFY', 'MAN', 'RHI']"
HSTM,"HealthStream, Inc.",Health Care,Health Care Technology,"Nashville, Tennessee",view,1095565,['OMCL']
HTH,Hilltop Holdings Inc.,Financials,Regional Banks,"Dallas, Texas",view,1265131,"['ABCB', 'BANC', 'BANF', 'BANR', 'BKU', 'BOH', 'CASH', 'CATY', 'CBU', 'CFFN', 'CHCO', 'CPF', 'CUBI', 'CVBF', 'DCOM', 'EGBN', 'FBK', 'FBNC', 'FBP', 'FCF', 'FFBC', 'FHB', 'FULT', 'HAFC', 'HOPE', 'INDB', 'LKFN', 'NBHC', 'NBTB', 'NWBI', 'OFG', 'PFBC', 'PFS', 'PRK', 'RNST', 'SBCF', 'SBSI', 'SFBS', 'SFNC', 'STBA', 'TBBK', 'TMP', 'TRMK', 'TRST', 'VBTX', 'WABC', 'WAFD', 'WSFS']"
HTLD,"Heartland Express, Inc.",Industrials,Cargo Ground Transportation,"North Liberty, Iowa",view,799233,"['ARCB', 'MRTN', 'SNDR', 'WERN']"
HUBG,"Hub Group, Inc.",Industrials,Air Freight & Logistics,"Oak Brook, Illinois",view,940942,['FWRD']
HWKN,"Hawkins, Inc.",Materials,Commodity Chemicals,"Roseville, Minnesota",view,46250,"['ASIX', 'KOP']"
HZO,"MarineMax, Inc.",Consumer Discretionary,Specialty Stores,"Clearwater, Florida",view,1057060,"['EYE', 'SBH', 'SIG']"
IAC,IAC Inc.,Communication Services,Publishing,"New York City, New York",view,1800227,[]
IART,Integra Lifesciences Holdings,Health Care,Health Care Equipment,"Princeton, New Jersey",view,917520,"['CNMD', 'GKOS', 'ITGR', 'LMAT', 'STAA', 'TFX', 'TNDM', 'UFPT']"
IBP,"Installed Building Products, Inc.",Consumer Discretionary,Homebuilding,"Columbus, Ohio",view,1580905,"['CCS', 'CVCO', 'GRBK', 'LGIH', 'MHO', 'MTH', 'SKY', 'TPH']"
ICHR,"Ichor Holdings, Ltd.",Information Technology,Semiconductor Materials & Equipment,"Fremont, California",view,1652535,"['ACLS', 'AEIS', 'COHU', 'ENPH', 'FORM', 'KLIC', 'PDFS', 'PLAB', 'SEDG', 'UCTT', 'VECO']"
ICUI,ICU Medical,Health Care,Health Care Supplies,"San Clemente, California",view,883984,"['BLFS', 'MMSI', 'NEOG', 'QDEL']"
IDCC,"InterDigital, Inc.",Information Technology,Communications Equipment,"Wilmington, Delaware",view,1405495,"['DGII', 'EXTR', 'HLIT', 'NTCT', 'VIAV', 'VSAT']"
IIIN,"Insteel Industries, Inc.",Industrials,Building Products,"Mount Airy, North Carolina",view,764401,"['AMWD', 'APOG', 'AWI', 'BCC', 'GFF', 'NX', 'ROCK', 'RUN', 'WOR']"
IIPR,"Innovative Industrial Properties, Inc.",Real Estate,Industrial REITs,"Park City, Utah",view,1677576,['TRNO']
INDB,Independent Bank Corp.,Financials,Regional Banks,"Rockland, Massachusetts",view,776901,"['ABCB', 'BANC', 'BANF', 'BANR', 'BKU', 'BOH', 'CASH', 'CATY', 'CBU', 'CFFN', 'CHCO', 'CPF', 'CUBI', 'CVBF', 'DCOM', 'EGBN', 'FBK', 'FBNC', 'FBP', 'FCF', 'FFBC', 'FHB', 'FULT', 'HAFC', 'HOPE', 'HTH', 'LKFN', 'NBHC', 'NBTB', 'NWBI', 'OFG', 'PFBC', 'PFS', 'PRK', 'RNST', 'SBCF', 'SBSI', 'SFBS', 'SFNC', 'STBA', 'TBBK', 'TMP', 'TRMK', 'TRST', 'VBTX', 'WABC', 'WAFD', 'WSFS']"
INN,"Summit Hotel Properties, Inc.",Real Estate,Hotel & Resort REITs,"Austin, Texas",view,1497645,"['APLE', 'DRH', 'PEB', 'RHP', 'SHO', 'XHR']"
INSW,"International Seaways, Inc.",Energy,Oil & Gas Storage & Transportation,"New York City, New York",view,1679049,['LPG']
INVA,"Innoviva, Inc.",Health Care,Pharmaceuticals,"Burlingame, California",view,1080014,"['ACAD', 'ALKS', 'AMPH', 'ANIP', 'COLL', 'CORT', 'PAHC', 'PBH', 'PCRX', 'SUPN']"
IOSP,"Innospec, Inc.",Materials,Specialty Chemicals,"Englewood, Colorado",view,1054905,"['BCPC', 'CE', 'FUL', 'KWR', 'MTX', 'NGVT', 'SCL', 'SXT']"
IPAR,"Inter Parfums, Inc.",Consumer Staples,Household Products,"New York City, New York",view,822663,"['CENT', 'CENTA', 'ENR', 'EPC', 'WDFC']"
ITGR,Integer Holdings Corporation,Health Care,Health Care Equipment,"Plano, Texas",view,1114483,"['CNMD', 'GKOS', 'IART', 'LMAT', 'STAA', 'TFX', 'TNDM', 'UFPT']"
ITRI,"Itron, Inc.",Information Technology,Electronic Equipment & Instruments,"Liberty Lake, Washington",view,780571,"['BMI', 'OSIS', 'PI']"
JBGS,JBG Smith,Real Estate,Office REITs,"Bethesda, Maryland",view,1689796,"['BDN', 'DEA', 'DEI', 'HIW', 'SLG']"
JBLU,JetBlue,Industrials,Passenger Airlines,"Long Island City, New York",view,1158463,"['AL', 'ALGT', 'SKYW']"
JBSS,"John B. Sanfilippo & Son, Inc.",Consumer Staples,Packaged Foods & Meats,"Elgin, Illinois",view,880117,"['CALM', 'FDP', 'FRPT', 'JJSF', 'SMPL', 'THS', 'TR', 'USNA']"
JJSF,J&J Snack Foods Corp.,Consumer Staples,Packaged Foods & Meats,"Pennsauken Township, New Jersey",view,785956,"['CALM', 'FDP', 'FRPT', 'JBSS', 'SMPL', 'THS', 'TR', 'USNA']"
JOE,St. Joe Company,Real Estate,Real Estate Development,"Panama City Beach, Florida",view,745308,[]
KAI,Kadant Inc.,Industrials,Industrial Machinery & Supplies & Components,"Westford, Massachusetts",view,886346,"['AIN', 'ESE', 'FELE', 'HI', 'KMT', 'MWA', 'NPO', 'PRLB', 'SPXC', 'SXI', 'TNC']"
KALU,Kaiser Aluminum Corporation,Materials,Aluminum,"Franklin, Tennessee",view,811596,['CENX']
KAR,"OPENLANE, Inc.",Industrials,Diversified Support Services,"Carmel, Indiana",view,1395942,"['CXW', 'LQDT', 'UNF']"
KFY,Korn/Ferry International,Industrials,Human Resource & Employment Services,"Los Angeles, California",view,56679,"['HSII', 'MAN', 'RHI']"
KLIC,"Kulicke and Soffa Industries, Inc.",Information Technology,Semiconductor Materials & Equipment,"Serangoon, North-East Region, Singapore",view,56978,"['ACLS', 'AEIS', 'COHU', 'ENPH', 'FORM', 'ICHR', 'PDFS', 'PLAB', 'SEDG', 'UCTT', 'VECO']"
KMT,Kennametal,Industrials,Industrial Machinery & Supplies & Components,"Pittsburgh, Pennsylvania",view,55242,"['AIN', 'ESE', 'FELE', 'HI', 'KAI', 'MWA', 'NPO', 'PRLB', 'SPXC', 'SXI', 'TNC']"
KN,Knowles Corporation,Information Technology,Electronic Components,"Itasca, Illinois",view,1587523,"['ROG', 'VSH']"
KOP,"Koppers Holdings, Inc.",Materials,Commodity Chemicals,"Pittsburgh, Pennsylvania",view,1315257,"['ASIX', 'HWKN']"
KREF,"KKR Real Estate Finance Trust, Inc.",Financials,Mortgage REITs,"New York City, New York",view,1631596,"['ABR', 'BXMT', 'TWO']"
KRYS,"Krystal Biotech, Inc.",Health Care,Biotechnology,"Pittsburgh, Pennsylvania",view,1711279,"['ADMA', 'ARWR', 'CPRX', 'DVAX', 'LGND', 'MYGN', 'PTGX', 'SRPT', 'TGTX', 'VCEL', 'XNCR']"
KSS,Kohl's Corp.,Consumer Discretionary,Broadline Retail,"Menomonee Falls, Wisconsin",view,885639,['ETSY']
KW,"Kennedy-Wilson Holdings, Inc.",Real Estate,Real Estate Services,"Beverly Hills, California",view,1408100,"['EXPI', 'MMI']"
KWR,Quaker Chemical Corporation,Materials,Specialty Chemicals,"Conshohocken, Pennsylvania",view,81362,"['BCPC', 'CE', 'FUL', 'IOSP', 'MTX', 'NGVT', 'SCL', 'SXT']"
LCII,LCI Industries,Consumer Discretionary,Automotive Parts & Equipment,"Elkhart, Indiana",view,763744,"['ADNT', 'AXL', 'BWA', 'DAN', 'DORM', 'FOXF', 'PATK', 'SMP', 'THRM']"
LEG,Leggett & Platt,Consumer Discretionary,Home Furnishings,"Carthage, Missouri",view,58492,['LZB']
LGIH,LGI Homes,Consumer Discretionary,Homebuilding,"The Woodlands, Texas",view,1580670,"['CCS', 'CVCO', 'GRBK', 'IBP', 'MHO', 'MTH', 'SKY', 'TPH']"
LGND,"Ligand Pharmaceuticals, Inc.",Health Care,Biotechnology,"San Diego, California",view,886163,"['ADMA', 'ARWR', 'CPRX', 'DVAX', 'KRYS', 'MYGN', 'PTGX', 'SRPT', 'TGTX', 'VCEL', 'XNCR']"
LKFN,Lakeland Financial,Financials,Regional Banks,"Warsaw, Indiana",view,721994,"['ABCB', 'BANC', 'BANF', 'BANR', 'BKU', 'BOH', 'CASH', 'CATY', 'CBU', 'CFFN', 'CHCO', 'CPF', 'CUBI', 'CVBF', 'DCOM', 'EGBN', 'FBK', 'FBNC', 'FBP', 'FCF', 'FFBC', 'FHB', 'FULT', 'HAFC', 'HOPE', 'HTH', 'INDB', 'NBHC', 'NBTB', 'NWBI', 'OFG', 'PFBC', 'PFS', 'PRK', 'RNST', 'SBCF', 'SBSI', 'SFBS', 'SFNC', 'STBA', 'TBBK', 'TMP', 'TRMK', 'TRST', 'VBTX', 'WABC', 'WAFD', 'WSFS']"
LMAT,LeMaitre Vascular,Health Care,Health Care Equipment,"Burlington, Massachusetts",view,1158895,"['CNMD', 'GKOS', 'IART', 'ITGR', 'STAA', 'TFX', 'TNDM', 'UFPT']"
LNC,Lincoln Financial,Financials,Multi-line Insurance,"Radnor, Pennsylvania",view,59558,"['GNW', 'HMN']"
LNN,Lindsay Corporation,Materials,Agricultural & Farm Machinery,"Omaha, Nebraska",view,836157,['TWI']
LPG,Dorian LPG Ltd.,Energy,Oil & Gas Storage & Transportation,"Stamford, Connecticut",view,1596993,['INSW']
LQDT,"Liquidity Services, Inc.",Industrials,Diversified Support Services,"Bethesda, Maryland",view,1235468,"['CXW', 'KAR', 'UNF']"
LRN,"Stride, Inc.",Consumer Discretionary,Education Services,"Herndon, Virginia",view,1157408,"['ATGE', 'STRA']"
LTC,"LTC Properties, Inc.",Real Estate,Health Care REITs,"Westlake Village, California",view,887905,"['CTRE', 'MPW', 'UHT']"
LXP,Lexington Realty Trust,Real Estate,Diversified REITs,"New York City, New York",view,910108,"['AAT', 'AHH', 'ALEX', 'GNL']"
LZB,"La-Z-Boy, Inc.",Consumer Discretionary,Home Furnishings,"Monroe, Michigan",view,57131,['LEG']
MAC,Macerich,Real Estate,Retail REITs,"Santa Monica, California",view,912242,"['AKR', 'BFS', 'GTY', 'SKT', 'UE', 'WSR']"
MAN,ManpowerGroup,Industrials,Human Resource & Employment Services,"Milwaukee, Wisconsin",view,871763,"['HSII', 'KFY', 'RHI']"
MARA,"MARA Holdings, Inc.",Information Technology,Internet Services & Infrastructure,"Fort Lauderdale, Florida",view,1507605,[]
MATW,Matthews International Corporation,Consumer Discretionary,Specialized Consumer Services,"Pittsburgh, Pennsylvania",view,63296,[]
MATX,"Matson, Inc.",Industrials,Marine Transportation,"Honolulu, Hawaii",view,3453,[]
MC,Moelis & Company,Financials,Investment Banking & Brokerage,"New York City, New York",view,1596967,['PJT']
MCRI,"Monarch Casino & Resort, Inc.",Consumer Discretionary,Casinos & Gaming,"Reno, Nevada",view,907242,"['CZR', 'GDEN', 'PENN']"
MCY,Mercury General,Financials,Property & Casualty Insurance,"Los Angeles, California",view,64996,"['AGO', 'AMSF', 'EIG', 'HCI', 'PRA', 'RDN', 'SAFT', 'STC', 'UFCS']"
MD,Pediatrix Medical Group,Health Care,Health Care Services,"Sunrise, Florida",view,893949,"['ADUS', 'AMN', 'CRVL', 'NEO', 'PINC', 'RDNT', 'VCYT']"
MDU,"MDU Resources Group, Inc.",Utilities,Multi-Utilities,"Bismarck, North Dakota",view,67716,['AVA']
MGEE,"MGE Energy, Inc.",Utilities,Electric Utilities,"Madison, Wisconsin",view,1161728,"['OTTR', 'UTL']"
MGPI,"MGP Ingredients, Inc.",Consumer Staples,Distillers & Vintners,"Atchison, Kansas",view,835011,[]
MHO,"M/I Homes, Inc.",Consumer Discretionary,Homebuilding,"Columbus, Ohio",view,799292,"['CCS', 'CVCO', 'GRBK', 'IBP', 'LGIH', 'MTH', 'SKY', 'TPH']"
MKTX,MarketAxess,Financials,Financial Exchanges & Data,"New York City, New York",view,1278021,"['DFIN', 'VIRT']"
MMI,"Marcus & Millichap, Inc.",Real Estate,Real Estate Services,"Calabasas, California",view,1578732,"['EXPI', 'KW']"
MMSI,"Merit Medical Systems, Inc.",Health Care,Health Care Supplies,"South Jordan, Utah",view,856982,"['BLFS', 'ICUI', 'NEOG', 'QDEL']"
MNRO,"Monro, Inc.",Consumer Discretionary,Automotive Retail,"Rochester, New York",view,876427,"['AAP', 'ABG', 'GPI', 'SAH']"
MPW,Medical Properties Trust,Real Estate,Health Care REITs,"Birmingham, Alabama",view,1287865,"['CTRE', 'LTC', 'UHT']"
MRCY,Mercury Systems,Industrials,Electrical Components & Equipment,"Andover, Massachusetts",view,1049521,"['POWL', 'VICR']"
MRTN,Marten Transport Ltd.,Industrials,Cargo Ground Transportation,"Mondovi, Wisconsin",view,799167,"['ARCB', 'HTLD', 'SNDR', 'WERN']"
MSEX,Middlesex Water Company,Utilities,Water Utilities,"Iselin, New Jersey",view,66004,"['AWR', 'CWT']"
MTH,Meritage Homes Corporation,Consumer Discretionary,Homebuilding,"Scottsdale, Arizona",view,833079,"['CCS', 'CVCO', 'GRBK', 'IBP', 'LGIH', 'MHO', 'SKY', 'TPH']"
MTRN,Materion Corp.,Materials,Diversified Metals & Mining,"Mayfield Heights, Ohio",view,1104657,[]
MTX,Minerals Technologies,Materials,Specialty Chemicals,"New York City, New York",view,891014,"['BCPC', 'CE', 'FUL', 'IOSP', 'KWR', 'NGVT', 'SCL', 'SXT']"
MWA,Mueller Water Products,Industrials,Industrial Machinery & Supplies & Components,"Atlanta, Georgia",view,1350593,"['AIN', 'ESE', 'FELE', 'HI', 'KAI', 'KMT', 'NPO', 'PRLB', 'SPXC', 'SXI', 'TNC']"
MXL,"MaxLinear, Inc.",Information Technology,Semiconductors,"Carlsbad, California",view,1288469,"['AOSL', 'CEVA', 'DIOD', 'QRVO', 'SMTC']"
MYGN,"Myriad Genetics, Inc.",Health Care,Biotechnology,"Salt Lake City, Utah",view,899923,"['ADMA', 'ARWR', 'CPRX', 'DVAX', 'KRYS', 'LGND', 'PTGX', 'SRPT', 'TGTX', 'VCEL', 'XNCR']"
MYRG,"MYR Group, Inc.",Industrials,Construction & Engineering,"Thornton, Colorado",view,700923,"['DY', 'GVA', 'STRL']"
NAVI,Navient,Financials,Consumer Finance,"Wilmington, Delaware",view,1593538,"['ECPG', 'ENVA', 'EZPW', 'PRAA', 'WRLD']"
NBHC,National Bank Holdings Corporation,Financials,Regional Banks,"Greenwood Village, Colorado",view,1475841,"['ABCB', 'BANC', 'BANF', 'BANR', 'BKU', 'BOH', 'CASH', 'CATY', 'CBU', 'CFFN', 'CHCO', 'CPF', 'CUBI', 'CVBF', 'DCOM', 'EGBN', 'FBK', 'FBNC', 'FBP', 'FCF', 'FFBC', 'FHB', 'FULT', 'HAFC', 'HOPE', 'HTH', 'INDB', 'LKFN', 'NBTB', 'NWBI', 'OFG', 'PFBC', 'PFS', 'PRK', 'RNST', 'SBCF', 'SBSI', 'SFBS', 'SFNC', 'STBA', 'TBBK', 'TMP', 'TRMK', 'TRST', 'VBTX', 'WABC', 'WAFD', 'WSFS']"
NBTB,"NBT Bancorp, Inc.",Financials,Regional Banks,"Norwich, New York",view,790359,"['ABCB', 'BANC', 'BANF', 'BANR', 'BKU', 'BOH', 'CASH', 'CATY', 'CBU', 'CFFN', 'CHCO', 'CPF', 'CUBI', 'CVBF', 'DCOM', 'EGBN', 'FBK', 'FBNC', 'FBP', 'FCF', 'FFBC', 'FHB', 'FULT', 'HAFC', 'HOPE', 'HTH', 'INDB', 'LKFN', 'NBHC', 'NWBI', 'OFG', 'PFBC', 'PFS', 'PRK', 'RNST', 'SBCF', 'SBSI', 'SFBS', 'SFNC', 'STBA', 'TBBK', 'TMP', 'TRMK', 'TRST', 'VBTX', 'WABC', 'WAFD', 'WSFS']"
NEO,"NeoGenomics Laboratories, Inc.",Health Care,Health Care Services,"Fort Myers, Florida",view,1077183,"['ADUS', 'AMN', 'CRVL', 'MD', 'PINC', 'RDNT', 'VCYT']"
NEOG,Neogen,Health Care,Health Care Supplies,"Lansing, Michigan",view,711377,"['BLFS', 'ICUI', 'MMSI', 'QDEL']"
NGVT,"Ingevity, Corp.",Materials,Specialty Chemicals,"North Charleston, South Carolina",view,1653477,"['BCPC', 'CE', 'FUL', 'IOSP', 'KWR', 'MTX', 'SCL', 'SXT']"
NHC,"National Healthcare, Corp.",Health Care,Health Care Facilities,"Murfreesboro, Tennessee",view,1047335,"['ACHC', 'SEM', 'USPH']"
NMIH,"NMI Holdings, Inc.",Financials,Commercial & Residential Mortgage Finance,"Emeryville, California",view,1547903,['WD']
NOG,"Northern Oil and Gas, Inc.",Energy,Oil & Gas Exploration & Production,"Minnetonka, Minnesota",view,1104485,"['CRK', 'SM']"
NPK,"National Presto Industries, Inc.",Industrials,Aerospace & Defense,"Eau Claire, Wisconsin",view,80172,['AIR']
NPO,"EnPro Industries, Inc.",Industrials,Industrial Machinery & Supplies & Components,"Charlotte, North Carolina",view,1164863,"['AIN', 'ESE', 'FELE', 'HI', 'KAI', 'KMT', 'MWA', 'PRLB', 'SPXC', 'SXI', 'TNC']"
NSIT,"Insight Enterprises, Inc.",Industrials,Technology Distributors,"Tempe, Arizona",view,932696,[]
NTCT,"NETSCOUT Systems, Inc.",Information Technology,Communications Equipment,"Westford, Massachusetts",view,1078075,"['DGII', 'EXTR', 'HLIT', 'IDCC', 'VIAV', 'VSAT']"
NWBI,"Northwest Bancshares, Inc.",Financials,Regional Banks,"Warren, Pennsylvania",view,1471265,"['ABCB', 'BANC', 'BANF', 'BANR', 'BKU', 'BOH', 'CASH', 'CATY', 'CBU', 'CFFN', 'CHCO', 'CPF', 'CUBI', 'CVBF', 'DCOM', 'EGBN', 'FBK', 'FBNC', 'FBP', 'FCF', 'FFBC', 'FHB', 'FULT', 'HAFC', 'HOPE', 'HTH', 'INDB', 'LKFN', 'NBHC', 'NBTB', 'OFG', 'PFBC', 'PFS', 'PRK', 'RNST', 'SBCF', 'SBSI', 'SFBS', 'SFNC', 'STBA', 'TBBK', 'TMP', 'TRMK', 'TRST', 'VBTX', 'WABC', 'WAFD', 'WSFS']"
NWL,Newell Brands,Consumer Discretionary,Housewares & Specialties,"Atlanta, Georgia",view,814453,[]
NWN,NW Natural,Utilities,Gas Utilities,"Portland, Oregon",view,1733998,['CPK']
NX,Quanex Building Products Corporation,Industrials,Building Products,"Houston, Texas",view,1423221,"['AMWD', 'APOG', 'AWI', 'BCC', 'GFF', 'IIIN', 'ROCK', 'RUN', 'WOR']"
NXRT,"NexPoint Residential Trust, Inc.",Real Estate,Multi-Family Residential REITs,"Dallas, Texas",view,1620393,[]
OFG,OFG Bancorp,Financials,Regional Banks,"San Juan, Puerto Rico",view,1030469,"['ABCB', 'BANC', 'BANF', 'BANR', 'BKU', 'BOH', 'CASH', 'CATY', 'CBU', 'CFFN', 'CHCO', 'CPF', 'CUBI', 'CVBF', 'DCOM', 'EGBN', 'FBK', 'FBNC', 'FBP', 'FCF', 'FFBC', 'FHB', 'FULT', 'HAFC', 'HOPE', 'HTH', 'INDB', 'LKFN', 'NBHC', 'NBTB', 'NWBI', 'PFBC', 'PFS', 'PRK', 'RNST', 'SBCF', 'SBSI', 'SFBS', 'SFNC', 'STBA', 'TBBK', 'TMP', 'TRMK', 'TRST', 'VBTX', 'WABC', 'WAFD', 'WSFS']"
OI,"O-I Glass, Inc.",Materials,"Metal, Glass & Plastic Containers","Perrysburg, Ohio",view,812074,[]
OII,"Oceaneering International, Inc.",Energy,Oil & Gas Equipment & Services,"Houston, Texas",view,73756,"['AROC', 'CLB', 'HLX', 'RES', 'TDW']"
OMCL,Omnicell,Health Care,Health Care Technology,"Fort Worth, Texas",view,926326,['HSTM']
OSIS,"OSI Systems, Inc.",Information Technology,Electronic Equipment & Instruments,"Hawthorne, California",view,1039065,"['BMI', 'ITRI', 'PI']"
OTTR,Otter Tail Corporation,Utilities,Electric Utilities,"Fergus Falls, Minnesota",view,1466593,"['MGEE', 'UTL']"
OUT,Outfront Media,Real Estate,Other Specialized REITs,"New York City, New York",view,1579877,"['FCPT', 'SAFE']"
OXM,"Oxford Industries, Inc.",Consumer Discretionary,"Apparel, Accessories & Luxury Goods","Atlanta, Georgia",view,75288,"['CRI', 'GIII', 'HBI']"
PAHC,Phibro Animal Health,Health Care,Pharmaceuticals,"Teaneck, New Jersey",view,1069899,"['ACAD', 'ALKS', 'AMPH', 'ANIP', 'COLL', 'CORT', 'INVA', 'PBH', 'PCRX', 'SUPN']"
PARR,"Par Pacific Holdings, Inc.",Energy,Oil & Gas Refining & Marketing,"Houston, Texas",view,821483,"['CVI', 'REX']"
PATK,"Patrick Industries, Inc.",Consumer Discretionary,Automotive Parts & Equipment,"Elkhart, Indiana",view,76605,"['ADNT', 'AXL', 'BWA', 'DAN', 'DORM', 'FOXF', 'LCII', 'SMP', 'THRM']"
PBH,Prestige Consumer Healthcare,Health Care,Pharmaceuticals,"Tarrytown, New York",view,1295947,"['ACAD', 'ALKS', 'AMPH', 'ANIP', 'COLL', 'CORT', 'INVA', 'PAHC', 'PCRX', 'SUPN']"
PBI,"Pitney Bowes, Inc.",Industrials,Office Services & Supplies,"Stamford, Connecticut",view,78814,"['HNI', 'TILE', 'WSC']"
PCRX,"Pacira BioSciences, Inc.",Health Care,Pharmaceuticals,"Tampa, Florida",view,1396814,"['ACAD', 'ALKS', 'AMPH', 'ANIP', 'COLL', 'CORT', 'INVA', 'PAHC', 'PBH', 'SUPN']"
PDFS,"PDF Solutions, Inc.",Information Technology,Semiconductor Materials & Equipment,"Santa Clara, California",view,1120914,"['ACLS', 'AEIS', 'COHU', 'ENPH', 'FORM', 'ICHR', 'KLIC', 'PLAB', 'SEDG', 'UCTT', 'VECO']"
PEB,Pebblebrook Hotel Trust,Real Estate,Hotel & Resort REITs,"Bethesda, Maryland",view,1474098,"['APLE', 'DRH', 'INN', 'RHP', 'SHO', 'XHR']"
PENN,Penn Entertainment,Consumer Discretionary,Casinos & Gaming,"Wyomissing, Pennsylvania",view,921738,"['CZR', 'GDEN', 'MCRI']"
PFBC,Preferred Bank,Financials,Regional Banks,"Los Angeles, California",view,1492165,"['ABCB', 'BANC', 'BANF', 'BANR', 'BKU', 'BOH', 'CASH', 'CATY', 'CBU', 'CFFN', 'CHCO', 'CPF', 'CUBI', 'CVBF', 'DCOM', 'EGBN', 'FBK', 'FBNC', 'FBP', 'FCF', 'FFBC', 'FHB', 'FULT', 'HAFC', 'HOPE', 'HTH', 'INDB', 'LKFN', 'NBHC', 'NBTB', 'NWBI', 'OFG', 'PFS', 'PRK', 'RNST', 'SBCF', 'SBSI', 'SFBS', 'SFNC', 'STBA', 'TBBK', 'TMP', 'TRMK', 'TRST', 'VBTX', 'WABC', 'WAFD', 'WSFS']"
PFS,"Provident Financial Services, Inc.",Financials,Regional Banks,"Jersey City, New Jersey",view,1178970,"['ABCB', 'BANC', 'BANF', 'BANR', 'BKU', 'BOH', 'CASH', 'CATY', 'CBU', 'CFFN', 'CHCO', 'CPF', 'CUBI', 'CVBF', 'DCOM', 'EGBN', 'FBK', 'FBNC', 'FBP', 'FCF', 'FFBC', 'FHB', 'FULT', 'HAFC', 'HOPE', 'HTH', 'INDB', 'LKFN', 'NBHC', 'NBTB', 'NWBI', 'OFG', 'PFBC', 'PRK', 'RNST', 'SBCF', 'SBSI', 'SFBS', 'SFNC', 'STBA', 'TBBK', 'TMP', 'TRMK', 'TRST', 'VBTX', 'WABC', 'WAFD', 'WSFS']"
PI,"Impinj, Inc.",Information Technology,Electronic Equipment & Instruments,"Seattle, Washington",view,1114995,"['BMI', 'ITRI', 'OSIS']"
PINC,"Premier, Inc.",Health Care,Health Care Services,"Charlotte, North Carolina",view,1577916,"['ADUS', 'AMN', 'CRVL', 'MD', 'NEO', 'RDNT', 'VCYT']"
PJT,"PJT Partners, Inc.",Financials,Investment Banking & Brokerage,"New York City, New York",view,1626115,['MC']
PLAB,"Photronics, Inc.",Information Technology,Semiconductor Materials & Equipment,"Brookfield, Connecticut",view,810136,"['ACLS', 'AEIS', 'COHU', 'ENPH', 'FORM', 'ICHR', 'KLIC', 'PDFS', 'SEDG', 'UCTT', 'VECO']"
PLAY,"Dave & Buster's Entertainment, Inc.",Consumer Discretionary,Restaurants,"Dallas, Texas",view,1525769,"['BJRI', 'BLMN', 'CAKE', 'CBRL', 'EAT', 'PZZA', 'SHAK', 'WEN']"
PLUS,"ePlus, Inc.",Information Technology,Technology Distributors,"Herndon, Virginia",view,1022408,"['CNXN', 'SCSC']"
PLXS,Plexus Corp.,Information Technology,Electronic Manufacturing Services,"Neenah, Wisconsin",view,785786,"['BHE', 'CTS', 'SANM', 'TTMI']"
PMT,PennyMac Mortgage Investment Trust,Real Estate,Mortgage REITs,"Westlake Village, California",view,1464423,"['ARI', 'ARR', 'RWT']"
POWL,"Powell Industries, Inc.",Industrials,Electrical Components & Equipment,"Houston, Texas",view,80420,"['MRCY', 'VICR']"
PRA,ProAssurance Corporation,Financials,Property & Casualty Insurance,"Birmingham, Alabama",view,1127703,"['AGO', 'AMSF', 'EIG', 'HCI', 'MCY', 'RDN', 'SAFT', 'STC', 'UFCS']"
PRAA,"PRA Group, Inc.",Financials,Consumer Finance,"Norfolk, Virginia",view,1185348,"['ECPG', 'ENVA', 'EZPW', 'NAVI', 'WRLD']"
PRGS,Progress Software Corporation,Information Technology,Systems Software,"Burlington, Massachusetts",view,876167,['ATEN']
PRK,Park National Corp.,Financials,Regional Banks,"Newark, Ohio",view,805676,"['ABCB', 'BANC', 'BANF', 'BANR', 'BKU', 'BOH', 'CASH', 'CATY', 'CBU', 'CFFN', 'CHCO', 'CPF', 'CUBI', 'CVBF', 'DCOM', 'EGBN', 'FBK', 'FBNC', 'FBP', 'FCF', 'FFBC', 'FHB', 'FULT', 'HAFC', 'HOPE', 'HTH', 'INDB', 'LKFN', 'NBHC', 'NBTB', 'NWBI', 'OFG', 'PFBC', 'PFS', 'RNST', 'SBCF', 'SBSI', 'SFBS', 'SFNC', 'STBA', 'TBBK', 'TMP', 'TRMK', 'TRST', 'VBTX', 'WABC', 'WAFD', 'WSFS']"
PRLB,Protolabs,Industrials,Industrial Machinery & Supplies & Components,"Maple Plain, Minnesota",view,1443669,"['AIN', 'ESE', 'FELE', 'HI', 'KAI', 'KMT', 'MWA', 'NPO', 'SPXC', 'SXI', 'TNC']"
PSMT,PriceSmart,Consumer Staples,Consumer Staples Merchandise Retail,"San Diego, California",view,1041803,[]
PTEN,"Patterson-UTI Energy, Inc.",Energy,Oil & Gas Drilling,"Houston, Texas",view,889900,['HP']
PTGX,"Protagonist Therapeutics, Inc.",Health Care,Biotechnology,"Newark, California",view,1377121,"['ADMA', 'ARWR', 'CPRX', 'DVAX', 'KRYS', 'LGND', 'MYGN', 'SRPT', 'TGTX', 'VCEL', 'XNCR']"
PZZA,Papa John's Pizza,Consumer Discretionary,Restaurants,"Jeffersontown, Kentucky",view,901491,"['BJRI', 'BLMN', 'CAKE', 'CBRL', 'EAT', 'PLAY', 'SHAK', 'WEN']"
QDEL,QuidelOrtho,Health Care,Health Care Supplies,"San Diego, California",view,1906324,"['BLFS', 'ICUI', 'MMSI', 'NEOG']"
QNST,"QuinStreet, Inc.",Communication Services,Interactive Media & Services,"Foster City, California",view,1117297,"['CARG', 'CARS', 'SSTK', 'YELP']"
QRVO,Qorvo,Information Technology,Semiconductors,"Greensboro, North Carolina",view,1604778,"['AOSL', 'CEVA', 'DIOD', 'MXL', 'SMTC']"
QTWO,"Q2 Holdings, Inc.",Information Technology,Application Software,"Austin, Texas",view,1410384,"['ACIW', 'AGYS', 'BL', 'BOX', 'CALX', 'SPSC']"
RDN,"Radian Group, Inc.",Financials,Property & Casualty Insurance,"Philadelphia, Pennsylvania",view,890926,"['AGO', 'AMSF', 'EIG', 'HCI', 'MCY', 'PRA', 'SAFT', 'STC', 'UFCS']"
RDNT,"RadNet, Inc.",Health Care,Health Care Services,"Los Angeles, California",view,790526,"['ADUS', 'AMN', 'CRVL', 'MD', 'NEO', 'PINC', 'VCYT']"
RES,"RPC, Inc.",Energy,Oil & Gas Equipment & Services,"Atlanta, Georgia",view,742278,"['AROC', 'CLB', 'HLX', 'OII', 'TDW']"
REX,REX American Resources Corporation,Energy,Oil & Gas Refining & Marketing,"Dayton, Ohio",view,744187,"['CVI', 'PARR']"
RGR,"Sturm, Ruger & Company, Inc.",Consumer Discretionary,Leisure Products,"Southport, Connecticut",view,95029,['GOLF']
RHI,Robert Half,Industrials,Human Resource & Employment Services,"Menlo Park, California",view,315213,"['HSII', 'KFY', 'MAN']"
RHP,Ryman Hospitality Properties,Real Estate,Hotel & Resort REITs,"Nashville, Tennessee",view,1040829,"['APLE', 'DRH', 'INN', 'PEB', 'SHO', 'XHR']"
RNST,Renasant Corp.,Financials,Regional Banks,"Tupelo, Mississippi",view,715072,"['ABCB', 'BANC', 'BANF', 'BANR', 'BKU', 'BOH', 'CASH', 'CATY', 'CBU', 'CFFN', 'CHCO', 'CPF', 'CUBI', 'CVBF', 'DCOM', 'EGBN', 'FBK', 'FBNC', 'FBP', 'FCF', 'FFBC', 'FHB', 'FULT', 'HAFC', 'HOPE', 'HTH', 'INDB', 'LKFN', 'NBHC', 'NBTB', 'NWBI', 'OFG', 'PFBC', 'PFS', 'PRK', 'SBCF', 'SBSI', 'SFBS', 'SFNC', 'STBA', 'TBBK', 'TMP', 'TRMK', 'TRST', 'VBTX', 'WABC', 'WAFD', 'WSFS']"
ROCK,"Gibraltar Industries, Inc.",Industrials,Building Products,"Buffalo, New York",view,912562,"['AMWD', 'APOG', 'AWI', 'BCC', 'GFF', 'IIIN', 'NX', 'RUN', 'WOR']"
ROG,Rogers Corporation,Information Technology,Electronic Components,"Chandler, Arizona",view,84748,"['KN', 'VSH']"
RUN,Sunrun,Industrials,Building Products,"San Francisco, California",view,1469367,"['AMWD', 'APOG', 'AWI', 'BCC', 'GFF', 'IIIN', 'NX', 'ROCK', 'WOR']"
RUSHA,Rush Enterprises,Industrials,Construction Machinery & Heavy Transportation Equipment,"New Braunfels, Texas",view,1012019,"['ALG', 'ASTE', 'FSS', 'GBX', 'TRN']"
RWT,"Redwood Trust, Inc.",Real Estate,Mortgage REITs,"Mill Valley, California",view,930236,"['ARI', 'ARR', 'PMT']"
SAFE,"Safehold, Inc.",Real Estate,Other Specialized REITs,"New York City, New York",view,1095651,"['FCPT', 'OUT']"
SABR,Sabre,Consumer Discretionary,"Hotels, Resorts & Cruise Lines","Southlake, Texas",view,1597033,['TRIP']
SAFT,"Safety Insurance Group, Inc.",Financials,Property & Casualty Insurance,"Boston, Massachusetts",view,1172052,"['AGO', 'AMSF', 'EIG', 'HCI', 'MCY', 'PRA', 'RDN', 'STC', 'UFCS']"
SAH,"Sonic Automotive, Inc.",Consumer Discretionary,Automotive Retail,"Charlotte, North Carolina",view,1043509,"['AAP', 'ABG', 'GPI', 'MNRO']"
SANM,Sanmina Corporation,Information Technology,Electronic Manufacturing Services,"San Jose, California",view,897723,"['BHE', 'CTS', 'PLXS', 'TTMI']"
SBCF,Seacoast Banking Corporation of Florida,Financials,Regional Banks,"Stuart, Florida",view,730708,"['ABCB', 'BANC', 'BANF', 'BANR', 'BKU', 'BOH', 'CASH', 'CATY', 'CBU', 'CFFN', 'CHCO', 'CPF', 'CUBI', 'CVBF', 'DCOM', 'EGBN', 'FBK', 'FBNC', 'FBP', 'FCF', 'FFBC', 'FHB', 'FULT', 'HAFC', 'HOPE', 'HTH', 'INDB', 'LKFN', 'NBHC', 'NBTB', 'NWBI', 'OFG', 'PFBC', 'PFS', 'PRK', 'RNST', 'SBSI', 'SFBS', 'SFNC', 'STBA', 'TBBK', 'TMP', 'TRMK', 'TRST', 'VBTX', 'WABC', 'WAFD', 'WSFS']"
SBH,"Sally Beauty Holdings, Inc.",Consumer Discretionary,Specialty Stores,"Denton, Texas",view,1368458,"['EYE', 'HZO', 'SIG']"
SBSI,"Southside Bancshares, Inc.",Financials,Regional Banks,"Tyler, Texas",view,705432,"['ABCB', 'BANC', 'BANF', 'BANR', 'BKU', 'BOH', 'CASH', 'CATY', 'CBU', 'CFFN', 'CHCO', 'CPF', 'CUBI', 'CVBF', 'DCOM', 'EGBN', 'FBK', 'FBNC', 'FBP', 'FCF', 'FFBC', 'FHB', 'FULT', 'HAFC', 'HOPE', 'HTH', 'INDB', 'LKFN', 'NBHC', 'NBTB', 'NWBI', 'OFG', 'PFBC', 'PFS', 'PRK', 'RNST', 'SBCF', 'SFBS', 'SFNC', 'STBA', 'TBBK', 'TMP', 'TRMK', 'TRST', 'VBTX', 'WABC', 'WAFD', 'WSFS']"
SCHL,Scholastic Corporation,Consumer Discretionary,Publishing,"New York City, New York",view,866729,[]
SCL,Stepan Company,Materials,Specialty Chemicals,"Northfield, Illinois",view,94049,"['BCPC', 'CE', 'FUL', 'IOSP', 'KWR', 'MTX', 'NGVT', 'SXT']"
SCSC,"ScanSource, Inc.",Information Technology,Technology Distributors,"Greenville, South Carolina",view,918965,"['CNXN', 'PLUS']"
SCVL,"Shoe Carnival, Inc.",Consumer Discretionary,Apparel Retail,"Evansville, Indiana",view,895447,"['AEO', 'BKE', 'BOOT', 'CAL', 'GES', 'URBN']"
SEDG,SolarEdge,Information Technology,Semiconductor Materials & Equipment,"Herzliya, Israel",view,1419612,"['ACLS', 'AEIS', 'COHU', 'ENPH', 'FORM', 'ICHR', 'KLIC', 'PDFS', 'PLAB', 'UCTT', 'VECO']"
SEE,Sealed Air,Materials,Paper & Plastic Packaging Products & Materials,"Charlotte, North Carolina",view,1012100,[]
SEM,"Select Medical Holdings, Corp.",Health Care,Health Care Facilities,"Mechanicsburg, Pennsylvania",view,1320414,"['ACHC', 'NHC', 'USPH']"
SFBS,"ServisFirst Bancshares, Inc.",Financials,Regional Banks,"Birmingham, Alabama",view,1430723,"['ABCB', 'BANC', 'BANF', 'BANR', 'BKU', 'BOH', 'CASH', 'CATY', 'CBU', 'CFFN', 'CHCO', 'CPF', 'CUBI', 'CVBF', 'DCOM', 'EGBN', 'FBK', 'FBNC', 'FBP', 'FCF', 'FFBC', 'FHB', 'FULT', 'HAFC', 'HOPE', 'HTH', 'INDB', 'LKFN', 'NBHC', 'NBTB', 'NWBI', 'OFG', 'PFBC', 'PFS', 'PRK', 'RNST', 'SBCF', 'SBSI', 'SFNC', 'STBA', 'TBBK', 'TMP', 'TRMK', 'TRST', 'VBTX', 'WABC', 'WAFD', 'WSFS']"
SFNC,Simmons First National Corporation,Financials,Regional Banks,"Little Rock, Arkansas",view,90498,"['ABCB', 'BANC', 'BANF', 'BANR', 'BKU', 'BOH', 'CASH', 'CATY', 'CBU', 'CFFN', 'CHCO', 'CPF', 'CUBI', 'CVBF', 'DCOM', 'EGBN', 'FBK', 'FBNC', 'FBP', 'FCF', 'FFBC', 'FHB', 'FULT', 'HAFC', 'HOPE', 'HTH', 'INDB', 'LKFN', 'NBHC', 'NBTB', 'NWBI', 'OFG', 'PFBC', 'PFS', 'PRK', 'RNST', 'SBCF', 'SBSI', 'SFBS', 'STBA', 'TBBK', 'TMP', 'TRMK', 'TRST', 'VBTX', 'WABC', 'WAFD', 'WSFS']"
SHAK,"Shake Shack, Inc.",Consumer Discretionary,Restaurants,"New York City, New York",view,1620533,"['BJRI', 'BLMN', 'CAKE', 'CBRL', 'EAT', 'PLAY', 'PZZA', 'WEN']"
SHEN,Shenandoah Telecommunications Co,Communication Services,Wireless Telecommunication Services,"Edinburg, Virginia",view,354963,['GOGO']
SHO,"Sunstone Hotel Investors, Inc.",Real Estate,Hotel & Resort REITs,"Aliso Viejo, California",view,1295810,"['APLE', 'DRH', 'INN', 'PEB', 'RHP', 'XHR']"
SHOO,"Steven Madden, Ltd.",Consumer Discretionary,Footwear,"Long Island City, New York",view,913241,['WWW']
SIG,Signet Jewelers,Consumer Discretionary,Specialty Stores,"Akron, Ohio",view,832988,"['EYE', 'HZO', 'SBH']"
SKT,"Tanger Factory Outlet Centers, Inc.",Real Estate,Retail REITs,"Greensboro, North Carolina",view,899715,"['AKR', 'BFS', 'GTY', 'MAC', 'UE', 'WSR']"
SKY,"Champion Homes, Inc.",Consumer Discretionary,Homebuilding,"Troy, Michigan",view,90896,"['CCS', 'CVCO', 'GRBK', 'IBP', 'LGIH', 'MHO', 'MTH', 'TPH']"
SKYW,"SkyWest, Inc.",Industrials,Passenger Airlines,"St. George, Utah",view,793733,"['AL', 'ALGT', 'JBLU']"
SLG,SL Green Realty,Real Estate,Office REITs,"New York City, New York",view,1040971,"['BDN', 'DEA', 'DEI', 'HIW', 'JBGS']"
SM,SM Energy Company,Energy,Oil & Gas Exploration & Production,"Denver, Colorado",view,893538,"['CRK', 'NOG']"
SMP,"Standard Motor Products, Inc.",Consumer Discretionary,Automotive Parts & Equipment,"Long Island City, New York",view,93389,"['ADNT', 'AXL', 'BWA', 'DAN', 'DORM', 'FOXF', 'LCII', 'PATK', 'THRM']"
SMPL,Simply Good Foods Company,Consumer Staples,Packaged Foods & Meats,"Denver, Colorado",view,1702744,"['CALM', 'FDP', 'FRPT', 'JBSS', 'JJSF', 'THS', 'TR', 'USNA']"
SMTC,Semtech Corporation,Information Technology,Semiconductors,"Camarillo, California",view,88941,"['AOSL', 'CEVA', 'DIOD', 'MXL', 'QRVO']"
SNDR,Schneider National,Industrials,Cargo Ground Transportation,"Green Bay, Wisconsin",view,1692063,"['ARCB', 'HTLD', 'MRTN', 'WERN']"
SPSC,"SPS Commerce, Inc.",Information Technology,Application Software,"Minneapolis, Minnesota",view,1092699,"['ACIW', 'AGYS', 'BL', 'BOX', 'CALX', 'QTWO']"
SPXC,SPX Corporation,Industrials,Industrial Machinery & Supplies & Components,"Charlotte, North Carolina",view,88205,"['AIN', 'ESE', 'FELE', 'HI', 'KAI', 'KMT', 'MWA', 'NPO', 'PRLB', 'SXI', 'TNC']"
SRPT,Sarepta Therapeutics,Health Care,Biotechnology,"Cambridge, Massachusetts",view,873303,"['ADMA', 'ARWR', 'CPRX', 'DVAX', 'KRYS', 'LGND', 'MYGN', 'PTGX', 'TGTX', 'VCEL', 'XNCR']"
SSTK,"Shutterstock, Inc.",Communication Services,Interactive Media & Services,"New York City, New York",view,1549346,"['CARG', 'CARS', 'QNST', 'YELP']"
STAA,STAAR Surgical Company,Health Care,Health Care Equipment,"Monrovia, California",view,718937,"['CNMD', 'GKOS', 'IART', 'ITGR', 'LMAT', 'TFX', 'TNDM', 'UFPT']"
STBA,"S&T Bancorp, Inc.",Financials,Regional Banks,"Indiana, Pennsylvania",view,719220,"['ABCB', 'BANC', 'BANF', 'BANR', 'BKU', 'BOH', 'CASH', 'CATY', 'CBU', 'CFFN', 'CHCO', 'CPF', 'CUBI', 'CVBF', 'DCOM', 'EGBN', 'FBK', 'FBNC', 'FBP', 'FCF', 'FFBC', 'FHB', 'FULT', 'HAFC', 'HOPE', 'HTH', 'INDB', 'LKFN', 'NBHC', 'NBTB', 'NWBI', 'OFG', 'PFBC', 'PFS', 'PRK', 'RNST', 'SBCF', 'SBSI', 'SFBS', 'SFNC', 'TBBK', 'TMP', 'TRMK', 'TRST', 'VBTX', 'WABC', 'WAFD', 'WSFS']"
STC,Stewart Information Services Corporation,Financials,Property & Casualty Insurance,"Houston, Texas",view,94344,"['AGO', 'AMSF', 'EIG', 'HCI', 'MCY', 'PRA', 'RDN', 'SAFT', 'UFCS']"
STRA,"Strategic Education, Inc.",Consumer Discretionary,Education Services,"Herndon, Virginia",view,1013934,"['ATGE', 'LRN']"
STRL,"Sterling Infrastructure, Inc.",Industrials,Construction & Engineering,"The Woodlands, Texas",view,874238,"['DY', 'GVA', 'MYRG']"
SUPN,"Supernus Pharmaceuticals, Inc.",Health Care,Pharmaceuticals,"Rockville, Maryland",view,1356576,"['ACAD', 'ALKS', 'AMPH', 'ANIP', 'COLL', 'CORT', 'INVA', 'PAHC', 'PBH', 'PCRX']"
SXC,"SunCoke Energy, Inc.",Materials,Steel,"Lisle, Illinois",view,1514705,['HCC']
SXI,Standex International Corporation,Industrials,Industrial Machinery & Supplies & Components,"Salem, New Hampshire",view,310354,"['AIN', 'ESE', 'FELE', 'HI', 'KAI', 'KMT', 'MWA', 'NPO', 'PRLB', 'SPXC', 'TNC']"
SXT,Sensient Technologies,Materials,Specialty Chemicals,"Milwaukee, Wisconsin",view,310142,"['BCPC', 'CE', 'FUL', 'IOSP', 'KWR', 'MTX', 'NGVT', 'SCL']"
TBBK,"The Bancorp, Inc.",Financials,Regional Banks,"Wilmington, Delaware",view,1295401,"['ABCB', 'BANC', 'BANF', 'BANR', 'BKU', 'BOH', 'CASH', 'CATY', 'CBU', 'CFFN', 'CHCO', 'CPF', 'CUBI', 'CVBF', 'DCOM', 'EGBN', 'FBK', 'FBNC', 'FBP', 'FCF', 'FFBC', 'FHB', 'FULT', 'HAFC', 'HOPE', 'HTH', 'INDB', 'LKFN', 'NBHC', 'NBTB', 'NWBI', 'OFG', 'PFBC', 'PFS', 'PRK', 'RNST', 'SBCF', 'SBSI', 'SFBS', 'SFNC', 'STBA', 'TMP', 'TRMK', 'TRST', 'VBTX', 'WABC', 'WAFD', 'WSFS']"
TDC,Teradata,Information Technology,IT Consulting & Other Services,"San Diego, California",view,816761,['DXC']
TDS,"Telephone and Data Systems, Inc.",Communication Services,Integrated Telecommunication Services,"Chicago, Illinois",view,1051512,[]
TDW,"Tidewater, Inc.",Energy,Oil & Gas Equipment & Services,"Houston, Texas",view,98222,"['AROC', 'CLB', 'HLX', 'OII', 'RES']"
TFX,Teleflex,Health Care,Health Care Equipment,"Wayne, Pennsylvania",view,96943,"['CNMD', 'GKOS', 'IART', 'ITGR', 'LMAT', 'STAA', 'TNDM', 'UFPT']"
TGNA,Tegna,Communication Services,Broadcasting,"Tysons, Virginia",view,39899,[]
TGTX,"TG Therapeutics, Inc.",Health Care,Biotechnology,"Morrisville, North Carolina",view,1001316,"['ADMA', 'ARWR', 'CPRX', 'DVAX', 'KRYS', 'LGND', 'MYGN', 'PTGX', 'SRPT', 'VCEL', 'XNCR']"
THRM,Gentherm Incorporated,Consumer Discretionary,Automotive Parts & Equipment,"Farmington Hills, MI",view,903129,"['ADNT', 'AXL', 'BWA', 'DAN', 'DORM', 'FOXF', 'LCII', 'PATK', 'SMP']"
THS,"TreeHouse Foods, Inc.",Consumer Staples,Packaged Foods & Meats,"Oak Brook, Illinois",view,1320695,"['CALM', 'FDP', 'FRPT', 'JBSS', 'JJSF', 'SMPL', 'TR', 'USNA']"
TILE,"Interface, Inc.",Industrials,Office Services & Supplies,"Atlanta, Georgia",view,715787,"['HNI', 'PBI', 'WSC']"
TMP,Tompkins Financial Corporation,Financials,Regional Banks,"Ithaca, New York",view,1005817,"['ABCB', 'BANC', 'BANF', 'BANR', 'BKU', 'BOH', 'CASH', 'CATY', 'CBU', 'CFFN', 'CHCO', 'CPF', 'CUBI', 'CVBF', 'DCOM', 'EGBN', 'FBK', 'FBNC', 'FBP', 'FCF', 'FFBC', 'FHB', 'FULT', 'HAFC', 'HOPE', 'HTH', 'INDB', 'LKFN', 'NBHC', 'NBTB', 'NWBI', 'OFG', 'PFBC', 'PFS', 'PRK', 'RNST', 'SBCF', 'SBSI', 'SFBS', 'SFNC', 'STBA', 'TBBK', 'TRMK', 'TRST', 'VBTX', 'WABC', 'WAFD', 'WSFS']"
TNC,Tennant Company,Industrials,Industrial Machinery & Supplies & Components,"Eden Prairie, Minnesota",view,97134,"['AIN', 'ESE', 'FELE', 'HI', 'KAI', 'KMT', 'MWA', 'NPO', 'PRLB', 'SPXC', 'SXI']"
TNDM,Tandem Diabetes Care,Health Care,Health Care Equipment,"San Diego, California",view,1438133,"['CNMD', 'GKOS', 'IART', 'ITGR', 'LMAT', 'STAA', 'TFX', 'UFPT']"
TPH,"Tri Pointe Homes, Inc.",Consumer Discretionary,Homebuilding,"Incline Village, Nevada",view,1561680,"['CCS', 'CVCO', 'GRBK', 'IBP', 'LGIH', 'MHO', 'MTH', 'SKY']"
TR,"Tootsie Roll Industries, Inc.",Consumer Staples,Packaged Foods & Meats,"Chicago, Illinois",view,98677,"['CALM', 'FDP', 'FRPT', 'JBSS', 'JJSF', 'SMPL', 'THS', 'USNA']"
TRIP,TripAdvisor,Consumer Discretionary,"Hotels, Resorts & Cruise Lines","Needham, Massachusetts",view,1526520,['SABR']
TRMK,Trustmark Corp.,Financials,Regional Banks,"Jackson, Mississippi",view,36146,"['ABCB', 'BANC', 'BANF', 'BANR', 'BKU', 'BOH', 'CASH', 'CATY', 'CBU', 'CFFN', 'CHCO', 'CPF', 'CUBI', 'CVBF', 'DCOM', 'EGBN', 'FBK', 'FBNC', 'FBP', 'FCF', 'FFBC', 'FHB', 'FULT', 'HAFC', 'HOPE', 'HTH', 'INDB', 'LKFN', 'NBHC', 'NBTB', 'NWBI', 'OFG', 'PFBC', 'PFS', 'PRK', 'RNST', 'SBCF', 'SBSI', 'SFBS', 'SFNC', 'STBA', 'TBBK', 'TMP', 'TRST', 'VBTX', 'WABC', 'WAFD', 'WSFS']"
TRN,"Trinity Industries, Inc.",Industrials,Construction Machinery & Heavy Transportation Equipment,"Dallas, Texas",view,99780,"['ALG', 'ASTE', 'FSS', 'GBX', 'RUSHA']"
TRNO,Terreno Realty Corporation,Real Estate,Industrial REITs,"San Francisco, California",view,1476150,['IIPR']
TRST,TrustCo Bank Corp NY,Financials,Regional Banks,"Glenville, New York",view,357301,"['ABCB', 'BANC', 'BANF', 'BANR', 'BKU', 'BOH', 'CASH', 'CATY', 'CBU', 'CFFN', 'CHCO', 'CPF', 'CUBI', 'CVBF', 'DCOM', 'EGBN', 'FBK', 'FBNC', 'FBP', 'FCF', 'FFBC', 'FHB', 'FULT', 'HAFC', 'HOPE', 'HTH', 'INDB', 'LKFN', 'NBHC', 'NBTB', 'NWBI', 'OFG', 'PFBC', 'PFS', 'PRK', 'RNST', 'SBCF', 'SBSI', 'SFBS', 'SFNC', 'STBA', 'TBBK', 'TMP', 'TRMK', 'VBTX', 'WABC', 'WAFD', 'WSFS']"
TRUP,Trupanion,Financials,Life & Health Insurance,"Seattle, Washington",view,1371285,[]
TTMI,"TTM Technologies, Inc.",Information Technology,Electronic Manufacturing Services,"Santa Ana, California",view,1116942,"['BHE', 'CTS', 'PLXS', 'SANM']"
TWI,"Titan International, Inc.",Materials,Agricultural & Farm Machinery,"Quincy, Illinois",view,899751,['LNN']
TWO,Two Harbors Investment Corp.,Financials,Mortgage REITs,"St. Louis Park, Minnesota",view,1465740,"['ABR', 'BXMT', 'KREF']"
UCTT,"Ultra Clean Holdings, Inc.",Information Technology,Semiconductor Materials & Equipment,"Hayward, California",view,1275014,"['ACLS', 'AEIS', 'COHU', 'ENPH', 'FORM', 'ICHR', 'KLIC', 'PDFS', 'PLAB', 'SEDG', 'VECO']"
UE,Urban Edge Properties,Real Estate,Retail REITs,"Paramus, New Jersey",view,1611547,"['AKR', 'BFS', 'GTY', 'MAC', 'SKT', 'WSR']"
UFCS,"United Fire Group, Inc.",Financials,Property & Casualty Insurance,"Cedar Rapids, Iowa",view,101199,"['AGO', 'AMSF', 'EIG', 'HCI', 'MCY', 'PRA', 'RDN', 'SAFT', 'STC']"
UFPT,"UFP Technologies, Inc.",Health Care,Health Care Equipment,"Newburyport, Massachusetts",view,914156,"['CNMD', 'GKOS', 'IART', 'ITGR', 'LMAT', 'STAA', 'TFX', 'TNDM']"
UHT,Universal Health Realty Income Trust,Real Estate,Health Care REITs,"King of Prussia, Pennsylvania",view,798783,"['CTRE', 'LTC', 'MPW']"
UNF,UniFirst Corporation,Industrials,Diversified Support Services,"Wilmington, Massachusetts",view,717954,"['CXW', 'KAR', 'LQDT']"
UNFI,United Natural Foods Inc,Consumer Staples,Food Retail,"Providence, Rhode Island",view,1020859,[]
UNIT,Uniti Group,Communication Services,Alternative Carriers,"Little Rock, Arkansas",view,2020795,['CCOI']
URBN,"Urban Outfitters, Inc.",Consumer Discretionary,Apparel Retail,"Philadelphia, Pennsylvania",view,912615,"['AEO', 'BKE', 'BOOT', 'CAL', 'GES', 'SCVL']"
USNA,"Usana Health Sciences, Inc.",Consumer Staples,Packaged Foods & Meats,"West Valley City, Utah",view,896264,"['CALM', 'FDP', 'FRPT', 'JBSS', 'JJSF', 'SMPL', 'THS', 'TR']"
USPH,"U.S. Physical Therapy, Inc.",Health Care,Health Care Facilities,"Houston, Texas",view,885978,"['ACHC', 'NHC', 'SEM']"
UTL,Unitil Corporation,Utilities,Electric Utilities,"Hampton, New Hampshire",view,755001,"['MGEE', 'OTTR']"
UVV,Universal Corporation,Consumer Staples,Tobacco,"Richmond, Virginia",view,102037,[]
VBTX,"Veritex Holdings, Inc.",Financials,Regional Banks,"Dallas, Texas",view,1501570,"['ABCB', 'BANC', 'BANF', 'BANR', 'BKU', 'BOH', 'CASH', 'CATY', 'CBU', 'CFFN', 'CHCO', 'CPF', 'CUBI', 'CVBF', 'DCOM', 'EGBN', 'FBK', 'FBNC', 'FBP', 'FCF', 'FFBC', 'FHB', 'FULT', 'HAFC', 'HOPE', 'HTH', 'INDB', 'LKFN', 'NBHC', 'NBTB', 'NWBI', 'OFG', 'PFBC', 'PFS', 'PRK', 'RNST', 'SBCF', 'SBSI', 'SFBS', 'SFNC', 'STBA', 'TBBK', 'TMP', 'TRMK', 'TRST', 'WABC', 'WAFD', 'WSFS']"
VCEL,Vericel,Health Care,Biotechnology,"Cambridge, Massachusetts",view,887359,"['ADMA', 'ARWR', 'CPRX', 'DVAX', 'KRYS', 'LGND', 'MYGN', 'PTGX', 'SRPT', 'TGTX', 'XNCR']"
VCYT,"Veracyte, Inc.",Health Care,Health Care Services,"San Francisco, California",view,1384101,"['ADUS', 'AMN', 'CRVL', 'MD', 'NEO', 'PINC', 'RDNT']"
VECO,Veeco Instruments Inc.,Information Technology,Semiconductor Materials & Equipment,"Plainview, New York",view,103145,"['ACLS', 'AEIS', 'COHU', 'ENPH', 'FORM', 'ICHR', 'KLIC', 'PDFS', 'PLAB', 'SEDG', 'UCTT']"
VIAV,VIAVI Solutions,Information Technology,Communications Equipment,"Chandler, Arizona",view,912093,"['DGII', 'EXTR', 'HLIT', 'IDCC', 'NTCT', 'VSAT']"
VICR,Vicor Corporation,Industrials,Electrical Components & Equipment,"Andover, Massachusetts",view,751978,"['MRCY', 'POWL']"
VIRT,"Virtu Financial, Inc.",Financials,Financial Exchanges & Data,"New York City, New York",view,1592386,"['DFIN', 'MKTX']"
VRTS,"Virtus Investment Partners, Inc.",Financials,Asset Management & Custody Banks,"Hartford, Connecticut",view,883237,"['APAM', 'CNS']"
VSAT,"Viasat, Inc.",Information Technology,Communications Equipment,"Carlsbad, California",view,797721,"['DGII', 'EXTR', 'HLIT', 'IDCC', 'NTCT', 'VIAV']"
VSH,Vishay Intertechnology,Information Technology,Electronic Components,"Malvern, Pennsylvania",view,103730,"['KN', 'ROG']"
WABC,Westamerica Bank,Financials,Regional Banks,"San Rafael, California",view,311094,"['ABCB', 'BANC', 'BANF', 'BANR', 'BKU', 'BOH', 'CASH', 'CATY', 'CBU', 'CFFN', 'CHCO', 'CPF', 'CUBI', 'CVBF', 'DCOM', 'EGBN', 'FBK', 'FBNC', 'FBP', 'FCF', 'FFBC', 'FHB', 'FULT', 'HAFC', 'HOPE', 'HTH', 'INDB', 'LKFN', 'NBHC', 'NBTB', 'NWBI', 'OFG', 'PFBC', 'PFS', 'PRK', 'RNST', 'SBCF', 'SBSI', 'SFBS', 'SFNC', 'STBA', 'TBBK', 'TMP', 'TRMK', 'TRST', 'VBTX', 'WAFD', 'WSFS']"
WAFD,"WaFd, Inc.",Financials,Regional Banks,"Seattle, Washington",view,936528,"['ABCB', 'BANC', 'BANF', 'BANR', 'BKU', 'BOH', 'CASH', 'CATY', 'CBU', 'CFFN', 'CHCO', 'CPF', 'CUBI', 'CVBF', 'DCOM', 'EGBN', 'FBK', 'FBNC', 'FBP', 'FCF', 'FFBC', 'FHB', 'FULT', 'HAFC', 'HOPE', 'HTH', 'INDB', 'LKFN', 'NBHC', 'NBTB', 'NWBI', 'OFG', 'PFBC', 'PFS', 'PRK', 'RNST', 'SBCF', 'SBSI', 'SFBS', 'SFNC', 'STBA', 'TBBK', 'TMP', 'TRMK', 'TRST', 'VBTX', 'WABC', 'WSFS']"
WD,"Walker & Dunlop, Inc.",Financials,Commercial & Residential Mortgage Finance,"Bethesda, Maryland",view,1497770,['NMIH']
WDFC,WD-40 Company,Consumer Staples,Household Products,"San Diego, California",view,105132,"['CENT', 'CENTA', 'ENR', 'EPC', 'IPAR']"
WEN,The Wendy's Company,Consumer Discretionary,Restaurants,"Dublin, Ohio",view,105668,"['BJRI', 'BLMN', 'CAKE', 'CBRL', 'EAT', 'PLAY', 'PZZA', 'SHAK']"
WERN,Werner Enterprises,Industrials,Cargo Ground Transportation,"Omaha, Nebraska",view,793074,"['ARCB', 'HTLD', 'MRTN', 'SNDR']"
WGO,"Winnebago Industries, Inc.",Consumer Discretionary,Automobile Manufacturers,"Eden Prairie, Minnesota",view,107687,[]
WOR,Worthington Enterprises,Industrials,Building Products,"Columbus, Ohio",view,108516,"['AMWD', 'APOG', 'AWI', 'BCC', 'GFF', 'IIIN', 'NX', 'ROCK', 'RUN']"
WRLD,World Acceptance Corporation,Financials,Consumer Finance,"Greenville, South Carolina",view,108385,"['ECPG', 'ENVA', 'EZPW', 'NAVI', 'PRAA']"
WSC,WillScot Holdings Corp.,Industrials,Office Services & Supplies,"Phoenix, Arizona",view,1647088,"['HNI', 'PBI', 'TILE']"
WSFS,WSFS Financial Corporation,Financials,Regional Banks,"Wilmington, Delaware",view,828944,"['ABCB', 'BANC', 'BANF', 'BANR', 'BKU', 'BOH', 'CASH', 'CATY', 'CBU', 'CFFN', 'CHCO', 'CPF', 'CUBI', 'CVBF', 'DCOM', 'EGBN', 'FBK', 'FBNC', 'FBP', 'FCF', 'FFBC', 'FHB', 'FULT', 'HAFC', 'HOPE', 'HTH', 'INDB', 'LKFN', 'NBHC', 'NBTB', 'NWBI', 'OFG', 'PFBC', 'PFS', 'PRK', 'RNST', 'SBCF', 'SBSI', 'SFBS', 'SFNC', 'STBA', 'TBBK', 'TMP', 'TRMK', 'TRST', 'VBTX', 'WABC', 'WAFD']"
WSR,Whitestone REIT,Real Estate,Retail REITs,"Houston, Texas",view,1175535,"['AKR', 'BFS', 'GTY', 'MAC', 'SKT', 'UE']"
WWW,"Wolverine World Wide, Inc.",Consumer Discretionary,Footwear,"Rockford, Michigan",view,110471,['SHOO']
XHR,"Xenia Hotels & Resorts, Inc.",Real Estate,Hotel & Resort REITs,"Orlando, Florida",view,1616000,"['APLE', 'DRH', 'INN', 'PEB', 'RHP', 'SHO']"
XNCR,Xencor Inc,Health Care,Biotechnology,"Pasadena, California",view,1326732,"['ADMA', 'ARWR', 'CPRX', 'DVAX', 'KRYS', 'LGND', 'MYGN', 'PTGX', 'SRPT', 'TGTX', 'VCEL']"
YELP,"Yelp, Inc.",Communication Services,Interactive Media & Services,"San Francisco, California",view,1345016,"['CARG', 'CARS', 'QNST', 'SSTK']"
