symbol,reason
KIMPRM,Invalid symbol
KIMPRL,Invalid symbol
KEYPRI,Invalid symbol
LENB,Invalid symbol
ITCTY,Invalid symbol
INNPRE,Invalid symbol
IVRPRC,Invalid symbol
MSPRA,Invalid symbol
MSPRE,Invalid symbol
MSPRK,Invalid symbol
MSPRI,Invalid symbol
MSPRF,Invalid symbol
NLYPRF,Invalid symbol
NGLPRB,Invalid symbol
LXPPRC,Invalid symbol
MERPRK,Invalid symbol
MKCV,Invalid symbol
MFAPRB,Invalid symbol
METPRA,Invalid symbol
MITTPRB,Invalid symbol
FLC,"Network error: ('Connection aborted.', ConnectionResetError(54, 'Connection reset by peer'))"
FRTPRC,Invalid symbol
EPRPRG,Invalid symbol
EPRPRC,Invalid symbol
GNLPRA,Invalid symbol
GEFB,Invalid symbol
GLOPPRA,Invalid symbol
HEIA,Invalid symbol
GSPRD,Invalid symbol
GSPRC,Invalid symbol
GSPRA,Invalid symbol
GRPU,Invalid symbol
GTNA,Invalid symbol
TWOPRA,Invalid symbol
TWOPRC,Invalid symbol
TWOPRB,Invalid symbol
SSNHZ,Invalid symbol
TAPA,Invalid symbol
STTPRG,Invalid symbol
WBSPRF,Invalid symbol
WFCPRY,Invalid symbol
WFCPRL,Invalid symbol
USM,Invalid symbol
USBPRH,Invalid symbol
VNOPRM,Invalid symbol
VNOPRL,Invalid symbol
PMTPRB,Invalid symbol
PMTPRA,Invalid symbol
PSAPRG,"Network error: ('Connection aborted.', RemoteDisconnected('Remote end closed connection without response'))"
PSAPRF,Invalid symbol
NYMT,Invalid symbol
NSAPRA,Invalid symbol
PBIPRB,Invalid symbol
PCGPRA,Invalid symbol
PBRA,Invalid symbol
SCHWPRD,Invalid symbol
SCEPRL,Invalid symbol
SCEPRK,Invalid symbol
SCEPRJ,Invalid symbol
SCEPRG,Invalid symbol
SLGPRI,Invalid symbol
REXRPRB,Invalid symbol
RMBL,Invalid symbol
RLJPRA,Invalid symbol
BHLB,Invalid symbol
BFB,Invalid symbol
DLRPRJ,Invalid symbol
ASUTZ,Invalid symbol
AHTPRD,Invalid symbol
AHTPRF,Invalid symbol
AHLPRD,Invalid symbol
CPRN,Invalid symbol
ALLPRB,Invalid symbol
CRDB,Invalid symbol
AHTPRI,Invalid symbol
AKOB,Invalid symbol
CODIPRA,Invalid symbol
CMREPRD,Invalid symbol
CIGC,Invalid symbol
CIMPRA,Invalid symbol
CIMPRB,Invalid symbol
AMHPRG,Invalid symbol
BMLPRJ,Invalid symbol
BMLPRL,Invalid symbol
CIOPRA,Invalid symbol
BMLPRH,Invalid symbol
BACPRE,Invalid symbol
AXSPRE,Invalid symbol
BACPRL,Invalid symbol
BRKA,Invalid symbol
